-- -------------------------------------------------------------
-- TablePlus 5.1.0(468)
--
-- https://tableplus.com/
--
-- Database: local_laravel
-- Generation Time: 2022-10-30 20:50:15.5870
-- -------------------------------------------------------------


/*!40101 SET @OLD_CHARACTER_SET_CLIENT=@@CHARACTER_SET_CLIENT */;
/*!40101 SET @OLD_CHARACTER_SET_RESULTS=@@CHARACTER_SET_RESULTS */;
/*!40101 SET @OLD_COLLATION_CONNECTION=@@COLLATION_CONNECTION */;
/*!40101 SET NAMES utf8mb4 */;
/*!40014 SET @OLD_UNIQUE_CHECKS=@@UNIQUE_CHECKS, UNIQUE_CHECKS=0 */;
/*!40014 SET @OLD_FOREIGN_KEY_CHECKS=@@FOREIGN_KEY_CHECKS, FOREIGN_KEY_CHECKS=0 */;
/*!40101 SET @OLD_SQL_MODE=@@SQL_MODE, SQL_MODE='NO_AUTO_VALUE_ON_ZERO' */;
/*!40111 SET @OLD_SQL_NOTES=@@SQL_NOTES, SQL_NOTES=0 */;


DROP TABLE IF EXISTS `affiliates`;
CREATE TABLE `affiliates` (
  `id` bigint(20) unsigned NOT NULL AUTO_INCREMENT,
  `name` text COLLATE utf8mb4_unicode_ci,
  `type` text COLLATE utf8mb4_unicode_ci,
  `deleted` timestamp NULL DEFAULT NULL,
  `created_at` timestamp NULL DEFAULT NULL,
  `updated_at` timestamp NULL DEFAULT NULL,
  PRIMARY KEY (`id`)
) ENGINE=InnoDB AUTO_INCREMENT=13 DEFAULT CHARSET=utf8mb4 COLLATE=utf8mb4_unicode_ci;

DROP TABLE IF EXISTS `basic_abilities`;
CREATE TABLE `basic_abilities` (
  `id` bigint(20) unsigned NOT NULL AUTO_INCREMENT,
  `name` text COLLATE utf8mb4_unicode_ci,
  `deleted` timestamp NULL DEFAULT NULL,
  `created_at` timestamp NULL DEFAULT NULL,
  `updated_at` timestamp NULL DEFAULT NULL,
  PRIMARY KEY (`id`)
) ENGINE=InnoDB AUTO_INCREMENT=107 DEFAULT CHARSET=utf8mb4 COLLATE=utf8mb4_unicode_ci;

DROP TABLE IF EXISTS `failed_jobs`;
CREATE TABLE `failed_jobs` (
  `id` bigint(20) unsigned NOT NULL AUTO_INCREMENT,
  `uuid` varchar(255) COLLATE utf8mb4_unicode_ci NOT NULL,
  `connection` text COLLATE utf8mb4_unicode_ci NOT NULL,
  `queue` text COLLATE utf8mb4_unicode_ci NOT NULL,
  `payload` longtext COLLATE utf8mb4_unicode_ci NOT NULL,
  `exception` longtext COLLATE utf8mb4_unicode_ci NOT NULL,
  `failed_at` timestamp NOT NULL DEFAULT CURRENT_TIMESTAMP,
  PRIMARY KEY (`id`),
  UNIQUE KEY `failed_jobs_uuid_unique` (`uuid`)
) ENGINE=InnoDB DEFAULT CHARSET=utf8mb4 COLLATE=utf8mb4_unicode_ci;

DROP TABLE IF EXISTS `job_categories`;
CREATE TABLE `job_categories` (
  `id` bigint(20) unsigned NOT NULL AUTO_INCREMENT,
  `name` text COLLATE utf8mb4_unicode_ci,
  `sort_order` text COLLATE utf8mb4_unicode_ci,
  `created_by` int(10) unsigned DEFAULT NULL,
  `deleted` timestamp NULL DEFAULT NULL,
  `created_at` timestamp NULL DEFAULT NULL,
  `updated_at` timestamp NULL DEFAULT NULL,
  PRIMARY KEY (`id`)
) ENGINE=InnoDB AUTO_INCREMENT=107 DEFAULT CHARSET=utf8mb4 COLLATE=utf8mb4_unicode_ci;

DROP TABLE IF EXISTS `job_types`;
CREATE TABLE `job_types` (
  `id` bigint(20) unsigned NOT NULL AUTO_INCREMENT,
  `name` text COLLATE utf8mb4_unicode_ci,
  `job_category_id` bigint(20) unsigned DEFAULT NULL,
  `sort_order` text COLLATE utf8mb4_unicode_ci,
  `created_by` bigint(20) unsigned DEFAULT NULL,
  `deleted` timestamp NULL DEFAULT NULL,
  `created_at` timestamp NULL DEFAULT NULL,
  `updated_at` timestamp NULL DEFAULT NULL,
  PRIMARY KEY (`id`),
  KEY `job_types_job_category_id_foreign` (`job_category_id`),
  CONSTRAINT `job_types_job_category_id_foreign` FOREIGN KEY (`job_category_id`) REFERENCES `job_categories` (`id`) ON DELETE CASCADE
) ENGINE=InnoDB AUTO_INCREMENT=107 DEFAULT CHARSET=utf8mb4 COLLATE=utf8mb4_unicode_ci;

DROP TABLE IF EXISTS `jobs`;
CREATE TABLE `jobs` (
  `id` bigint(20) unsigned NOT NULL AUTO_INCREMENT,
  `name` varchar(255) COLLATE utf8mb4_unicode_ci DEFAULT NULL,
  `media_id` bigint(20) unsigned DEFAULT NULL,
  `job_category_id` bigint(20) unsigned DEFAULT NULL,
  `job_type_id` bigint(20) unsigned DEFAULT NULL,
  `description` text COLLATE utf8mb4_unicode_ci,
  `detail` text COLLATE utf8mb4_unicode_ci,
  `business_skill` text COLLATE utf8mb4_unicode_ci,
  `knowledge` text COLLATE utf8mb4_unicode_ci,
  `location` text COLLATE utf8mb4_unicode_ci,
  `activity` text COLLATE utf8mb4_unicode_ci,
  `academic_degree_doctor` text COLLATE utf8mb4_unicode_ci,
  `academic_degree_master` text COLLATE utf8mb4_unicode_ci,
  `academic_degree_professional` text COLLATE utf8mb4_unicode_ci,
  `academic_degree_bachelor` text COLLATE utf8mb4_unicode_ci,
  `salary_statistic_group` text COLLATE utf8mb4_unicode_ci,
  `salary_range_first_year` text COLLATE utf8mb4_unicode_ci,
  `salary_range_average` text COLLATE utf8mb4_unicode_ci,
  `salary_range_remarks` text COLLATE utf8mb4_unicode_ci,
  `restriction` text COLLATE utf8mb4_unicode_ci,
  `estimated_total_workers` text COLLATE utf8mb4_unicode_ci,
  `remarks` text COLLATE utf8mb4_unicode_ci,
  `url` text COLLATE utf8mb4_unicode_ci,
  `seo_description` text COLLATE utf8mb4_unicode_ci,
  `seo_keywords` text COLLATE utf8mb4_unicode_ci,
  `sort_order` text COLLATE utf8mb4_unicode_ci,
  `publish_status` text COLLATE utf8mb4_unicode_ci,
  `version` text COLLATE utf8mb4_unicode_ci,
  `created_by` bigint(20) unsigned DEFAULT NULL,
  `deleted` timestamp NULL DEFAULT NULL,
  `created_at` timestamp NULL DEFAULT NULL,
  `updated_at` timestamp NULL DEFAULT NULL,
  PRIMARY KEY (`id`),
  KEY `jobs_job_category_id_foreign` (`job_category_id`),
  KEY `jobs_job_type_id_foreign` (`job_type_id`),
  CONSTRAINT `jobs_job_category_id_foreign` FOREIGN KEY (`job_category_id`) REFERENCES `job_categories` (`id`) ON DELETE CASCADE,
  CONSTRAINT `jobs_job_type_id_foreign` FOREIGN KEY (`job_type_id`) REFERENCES `job_types` (`id`) ON DELETE CASCADE
) ENGINE=InnoDB AUTO_INCREMENT=107 DEFAULT CHARSET=utf8mb4 COLLATE=utf8mb4_unicode_ci;

DROP TABLE IF EXISTS `jobs_basic_abilities`;
CREATE TABLE `jobs_basic_abilities` (
  `id` bigint(20) unsigned NOT NULL AUTO_INCREMENT,
  `job_id` bigint(20) unsigned DEFAULT NULL,
  `basic_ability_id` bigint(20) unsigned DEFAULT NULL,
  `created_at` timestamp NULL DEFAULT NULL,
  `updated_at` timestamp NULL DEFAULT NULL,
  PRIMARY KEY (`id`),
  KEY `jobs_basic_abilities_job_id_foreign` (`job_id`),
  KEY `jobs_basic_abilities_basic_ability_id_foreign` (`basic_ability_id`),
  CONSTRAINT `jobs_basic_abilities_basic_ability_id_foreign` FOREIGN KEY (`basic_ability_id`) REFERENCES `basic_abilities` (`id`) ON DELETE CASCADE,
  CONSTRAINT `jobs_basic_abilities_job_id_foreign` FOREIGN KEY (`job_id`) REFERENCES `jobs` (`id`) ON DELETE CASCADE
) ENGINE=InnoDB AUTO_INCREMENT=107 DEFAULT CHARSET=utf8mb4 COLLATE=utf8mb4_unicode_ci;

DROP TABLE IF EXISTS `jobs_career_paths`;
CREATE TABLE `jobs_career_paths` (
  `id` bigint(20) unsigned NOT NULL AUTO_INCREMENT,
  `job_id` bigint(20) unsigned DEFAULT NULL,
  `affiliate_id` bigint(20) unsigned DEFAULT NULL,
  `created_at` timestamp NULL DEFAULT NULL,
  `updated_at` timestamp NULL DEFAULT NULL,
  PRIMARY KEY (`id`),
  KEY `jobs_career_paths_affiliate_id_foreign` (`affiliate_id`),
  KEY `jobs_career_paths_job_id_foreign` (`job_id`) USING BTREE,
  CONSTRAINT `jobs_career_paths_affiliate_id_foreign` FOREIGN KEY (`affiliate_id`) REFERENCES `affiliates` (`id`) ON DELETE CASCADE,
  CONSTRAINT `jobs_career_paths_ibfk_1` FOREIGN KEY (`job_id`) REFERENCES `jobs` (`id`)
) ENGINE=InnoDB AUTO_INCREMENT=107 DEFAULT CHARSET=utf8mb4 COLLATE=utf8mb4_unicode_ci;

DROP TABLE IF EXISTS `jobs_personalities`;
CREATE TABLE `jobs_personalities` (
  `id` bigint(20) unsigned NOT NULL AUTO_INCREMENT,
  `job_id` bigint(20) unsigned DEFAULT NULL,
  `personality_id` bigint(20) unsigned DEFAULT NULL,
  `created_at` timestamp NULL DEFAULT NULL,
  `updated_at` timestamp NULL DEFAULT NULL,
  PRIMARY KEY (`id`),
  KEY `jobs_personalities_job_id_foreign` (`job_id`),
  KEY `jobs_personalities_personality_id_foreign` (`personality_id`),
  CONSTRAINT `jobs_personalities_job_id_foreign` FOREIGN KEY (`job_id`) REFERENCES `jobs` (`id`) ON DELETE CASCADE,
  CONSTRAINT `jobs_personalities_personality_id_foreign` FOREIGN KEY (`personality_id`) REFERENCES `personalities` (`id`) ON DELETE CASCADE
) ENGINE=InnoDB AUTO_INCREMENT=107 DEFAULT CHARSET=utf8mb4 COLLATE=utf8mb4_unicode_ci;

DROP TABLE IF EXISTS `jobs_practical_skills`;
CREATE TABLE `jobs_practical_skills` (
  `id` bigint(20) unsigned NOT NULL AUTO_INCREMENT,
  `job_id` bigint(20) unsigned DEFAULT NULL,
  `practical_skill_id` bigint(20) unsigned DEFAULT NULL,
  `created_at` timestamp NULL DEFAULT NULL,
  `updated_at` timestamp NULL DEFAULT NULL,
  PRIMARY KEY (`id`),
  KEY `jobs_practical_skills_job_id_foreign` (`job_id`),
  KEY `jobs_practical_skills_practical_skill_id_foreign` (`practical_skill_id`),
  CONSTRAINT `jobs_practical_skills_job_id_foreign` FOREIGN KEY (`job_id`) REFERENCES `jobs` (`id`) ON DELETE CASCADE,
  CONSTRAINT `jobs_practical_skills_practical_skill_id_foreign` FOREIGN KEY (`practical_skill_id`) REFERENCES `practical_skills` (`id`) ON DELETE CASCADE
) ENGINE=InnoDB AUTO_INCREMENT=107 DEFAULT CHARSET=utf8mb4 COLLATE=utf8mb4_unicode_ci;

DROP TABLE IF EXISTS `jobs_rec_qualifications`;
CREATE TABLE `jobs_rec_qualifications` (
  `id` bigint(20) unsigned NOT NULL AUTO_INCREMENT,
  `job_id` bigint(20) unsigned DEFAULT NULL,
  `affiliate_id` bigint(20) unsigned DEFAULT NULL,
  `created_at` timestamp NULL DEFAULT NULL,
  `updated_at` timestamp NULL DEFAULT NULL,
  PRIMARY KEY (`id`),
  KEY `jobs_rec_qualifications_job_id_foreign` (`job_id`),
  KEY `jobs_rec_qualifications_affiliate_id_foreign` (`affiliate_id`),
  CONSTRAINT `jobs_rec_qualifications_affiliate_id_foreign` FOREIGN KEY (`affiliate_id`) REFERENCES `affiliates` (`id`) ON DELETE CASCADE,
  CONSTRAINT `jobs_rec_qualifications_job_id_foreign` FOREIGN KEY (`job_id`) REFERENCES `jobs` (`id`) ON DELETE CASCADE
) ENGINE=InnoDB AUTO_INCREMENT=107 DEFAULT CHARSET=utf8mb4 COLLATE=utf8mb4_unicode_ci;

DROP TABLE IF EXISTS `jobs_req_qualifications`;
CREATE TABLE `jobs_req_qualifications` (
  `id` bigint(20) unsigned NOT NULL AUTO_INCREMENT,
  `job_id` bigint(20) unsigned DEFAULT NULL,
  `affiliate_id` bigint(20) unsigned DEFAULT NULL,
  `created_at` timestamp NULL DEFAULT NULL,
  `updated_at` timestamp NULL DEFAULT NULL,
  PRIMARY KEY (`id`),
  KEY `jobs_req_qualifications_job_id_foreign` (`job_id`),
  KEY `jobs_req_qualifications_affiliate_id_foreign` (`affiliate_id`),
  CONSTRAINT `jobs_req_qualifications_affiliate_id_foreign` FOREIGN KEY (`affiliate_id`) REFERENCES `affiliates` (`id`) ON DELETE CASCADE,
  CONSTRAINT `jobs_req_qualifications_job_id_foreign` FOREIGN KEY (`job_id`) REFERENCES `jobs` (`id`) ON DELETE CASCADE
) ENGINE=InnoDB AUTO_INCREMENT=107 DEFAULT CHARSET=utf8mb4 COLLATE=utf8mb4_unicode_ci;

DROP TABLE IF EXISTS `jobs_tools`;
CREATE TABLE `jobs_tools` (
  `id` bigint(20) unsigned NOT NULL AUTO_INCREMENT,
  `job_id` bigint(20) unsigned DEFAULT NULL,
  `affiliate_id` bigint(20) unsigned DEFAULT NULL,
  `created_at` timestamp NULL DEFAULT NULL,
  `updated_at` timestamp NULL DEFAULT NULL,
  PRIMARY KEY (`id`),
  KEY `jobs_tools_job_id_foreign` (`job_id`),
  KEY `jobs_tools_affiliate_id_foreign` (`affiliate_id`),
  CONSTRAINT `jobs_tools_affiliate_id_foreign` FOREIGN KEY (`affiliate_id`) REFERENCES `affiliates` (`id`) ON DELETE CASCADE,
  CONSTRAINT `jobs_tools_job_id_foreign` FOREIGN KEY (`job_id`) REFERENCES `jobs` (`id`) ON DELETE CASCADE
) ENGINE=InnoDB AUTO_INCREMENT=107 DEFAULT CHARSET=utf8mb4 COLLATE=utf8mb4_unicode_ci;

DROP TABLE IF EXISTS `migrations`;
CREATE TABLE `migrations` (
  `id` int(10) unsigned NOT NULL AUTO_INCREMENT,
  `migration` varchar(255) COLLATE utf8mb4_unicode_ci NOT NULL,
  `batch` int(11) NOT NULL,
  PRIMARY KEY (`id`)
) ENGINE=InnoDB AUTO_INCREMENT=20 DEFAULT CHARSET=utf8mb4 COLLATE=utf8mb4_unicode_ci;

DROP TABLE IF EXISTS `password_resets`;
CREATE TABLE `password_resets` (
  `email` varchar(255) COLLATE utf8mb4_unicode_ci NOT NULL,
  `token` varchar(255) COLLATE utf8mb4_unicode_ci NOT NULL,
  `created_at` timestamp NULL DEFAULT NULL,
  KEY `password_resets_email_index` (`email`)
) ENGINE=InnoDB DEFAULT CHARSET=utf8mb4 COLLATE=utf8mb4_unicode_ci;

DROP TABLE IF EXISTS `personal_access_tokens`;
CREATE TABLE `personal_access_tokens` (
  `id` bigint(20) unsigned NOT NULL AUTO_INCREMENT,
  `tokenable_type` varchar(255) COLLATE utf8mb4_unicode_ci NOT NULL,
  `tokenable_id` bigint(20) unsigned NOT NULL,
  `name` varchar(255) COLLATE utf8mb4_unicode_ci NOT NULL,
  `token` varchar(64) COLLATE utf8mb4_unicode_ci NOT NULL,
  `abilities` text COLLATE utf8mb4_unicode_ci,
  `last_used_at` timestamp NULL DEFAULT NULL,
  `created_at` timestamp NULL DEFAULT NULL,
  `updated_at` timestamp NULL DEFAULT NULL,
  PRIMARY KEY (`id`),
  UNIQUE KEY `personal_access_tokens_token_unique` (`token`),
  KEY `personal_access_tokens_tokenable_type_tokenable_id_index` (`tokenable_type`,`tokenable_id`)
) ENGINE=InnoDB DEFAULT CHARSET=utf8mb4 COLLATE=utf8mb4_unicode_ci;

DROP TABLE IF EXISTS `personalities`;
CREATE TABLE `personalities` (
  `id` bigint(20) unsigned NOT NULL AUTO_INCREMENT,
  `name` text COLLATE utf8mb4_unicode_ci,
  `deleted` timestamp NULL DEFAULT NULL,
  `created_at` timestamp NULL DEFAULT NULL,
  `updated_at` timestamp NULL DEFAULT NULL,
  PRIMARY KEY (`id`)
) ENGINE=InnoDB AUTO_INCREMENT=107 DEFAULT CHARSET=utf8mb4 COLLATE=utf8mb4_unicode_ci;

DROP TABLE IF EXISTS `practical_skills`;
CREATE TABLE `practical_skills` (
  `id` bigint(20) unsigned NOT NULL AUTO_INCREMENT,
  `name` text COLLATE utf8mb4_unicode_ci,
  `deleted` timestamp NULL DEFAULT NULL,
  `created_at` timestamp NULL DEFAULT NULL,
  `updated_at` timestamp NULL DEFAULT NULL,
  PRIMARY KEY (`id`)
) ENGINE=InnoDB AUTO_INCREMENT=107 DEFAULT CHARSET=utf8mb4 COLLATE=utf8mb4_unicode_ci;

DROP TABLE IF EXISTS `users`;
CREATE TABLE `users` (
  `id` bigint(20) unsigned NOT NULL AUTO_INCREMENT,
  `name` varchar(255) COLLATE utf8mb4_unicode_ci NOT NULL,
  `email` varchar(255) COLLATE utf8mb4_unicode_ci NOT NULL,
  `email_verified_at` timestamp NULL DEFAULT NULL,
  `password` varchar(255) COLLATE utf8mb4_unicode_ci NOT NULL,
  `remember_token` varchar(100) COLLATE utf8mb4_unicode_ci DEFAULT NULL,
  `created_at` timestamp NULL DEFAULT NULL,
  `updated_at` timestamp NULL DEFAULT NULL,
  PRIMARY KEY (`id`),
  UNIQUE KEY `users_email_unique` (`email`)
) ENGINE=InnoDB DEFAULT CHARSET=utf8mb4 COLLATE=utf8mb4_unicode_ci;

INSERT INTO `affiliates` (`id`, `name`, `type`, `deleted`, `created_at`, `updated_at`) VALUES
(1, 'Tool 1', '1', NULL, NULL, NULL),
(2, 'Tool 2', '2', NULL, NULL, NULL),
(3, 'Tool 3', '3', NULL, NULL, NULL),
(4, 'Career path 1', '1', NULL, NULL, NULL),
(5, 'Career path 2', '2', NULL, NULL, NULL),
(6, 'Career path 3', '3', NULL, NULL, NULL),
(7, 'rec qualifications 1', '1', NULL, NULL, NULL),
(8, 'rec qualifications 2', '2', NULL, NULL, NULL),
(9, 'rec qualifications 3', '3', NULL, NULL, NULL),
(10, 'req qualifications 1', '1', NULL, NULL, NULL),
(11, 'req qualifications 2', '2', NULL, NULL, NULL),
(12, 'req qualifications 3', '3', NULL, NULL, NULL);

INSERT INTO `basic_abilities` (`id`, `name`, `deleted`, `created_at`, `updated_at`) VALUES
(1, 'キャビンアテンダント', NULL, NULL, NULL),
(2, 'キャビンアテンダント', NULL, NULL, NULL),
(3, 'キャビンアテンダント', NULL, NULL, NULL),
(4, 'キャビンアテンダント', NULL, NULL, NULL),
(5, 'キャビンアテンダント', NULL, NULL, NULL),
(6, 'キャビンアテンダント', NULL, NULL, NULL),
(7, 'キャビンアテンダント', NULL, NULL, NULL),
(8, 'キャビンアテンダント', NULL, NULL, NULL),
(9, 'キャビンアテンダント', NULL, NULL, NULL),
(10, 'キャビンアテンダント', NULL, NULL, NULL),
(11, 'キャビンアテンダント', NULL, NULL, NULL),
(12, 'キャビンアテンダント', NULL, NULL, NULL),
(13, 'キャビンアテンダント', NULL, NULL, NULL),
(14, 'キャビンアテンダント', NULL, NULL, NULL),
(15, 'キャビンアテンダント', NULL, NULL, NULL),
(16, 'キャビンアテンダント', NULL, NULL, NULL),
(17, 'キャビンアテンダント', NULL, NULL, NULL),
(18, 'キャビンアテンダント', NULL, NULL, NULL),
(19, 'キャビンアテンダント', NULL, NULL, NULL),
(20, 'キャビンアテンダント', NULL, NULL, NULL),
(21, 'キャビンアテンダント', NULL, NULL, NULL),
(22, 'キャビンアテンダント', NULL, NULL, NULL),
(23, 'キャビンアテンダント', NULL, NULL, NULL),
(24, 'キャビンアテンダント', NULL, NULL, NULL),
(25, 'キャビンアテンダント', NULL, NULL, NULL),
(26, 'キャビンアテンダント', NULL, NULL, NULL),
(27, 'キャビンアテンダント', NULL, NULL, NULL),
(28, 'キャビンアテンダント', NULL, NULL, NULL),
(29, 'キャビンアテンダント', NULL, NULL, NULL),
(30, 'キャビンアテンダント', NULL, NULL, NULL),
(31, 'キャビンアテンダント', NULL, NULL, NULL),
(32, 'キャビンアテンダント', NULL, NULL, NULL),
(33, 'キャビンアテンダント', NULL, NULL, NULL),
(34, 'キャビンアテンダント', NULL, NULL, NULL),
(35, 'キャビンアテンダント', NULL, NULL, NULL),
(36, 'キャビンアテンダント', NULL, NULL, NULL),
(37, 'キャビンアテンダント', NULL, NULL, NULL),
(38, 'キャビンアテンダント', NULL, NULL, NULL),
(39, 'キャビンアテンダント', NULL, NULL, NULL),
(40, 'キャビンアテンダント', NULL, NULL, NULL),
(41, 'キャビンアテンダント', NULL, NULL, NULL),
(42, 'キャビンアテンダント', NULL, NULL, NULL),
(43, 'キャビンアテンダント', NULL, NULL, NULL),
(44, 'キャビンアテンダント', NULL, NULL, NULL),
(45, 'キャビンアテンダント', NULL, NULL, NULL),
(46, 'キャビンアテンダント', NULL, NULL, NULL),
(47, 'キャビンアテンダント', NULL, NULL, NULL),
(48, 'キャビンアテンダント', NULL, NULL, NULL),
(49, 'キャビンアテンダント', NULL, NULL, NULL),
(50, 'キャビンアテンダント', NULL, NULL, NULL),
(51, 'キャビンアテンダント', NULL, NULL, NULL),
(52, 'キャビンアテンダント', NULL, NULL, NULL),
(53, 'キャビンアテンダント', NULL, NULL, NULL),
(54, 'キャビンアテンダント', NULL, NULL, NULL),
(55, 'キャビンアテンダント', NULL, NULL, NULL),
(56, 'キャビンアテンダント', NULL, NULL, NULL),
(57, 'キャビンアテンダント', NULL, NULL, NULL),
(58, 'キャビンアテンダント', NULL, NULL, NULL),
(59, 'キャビンアテンダント', NULL, NULL, NULL),
(60, 'キャビンアテンダント', NULL, NULL, NULL),
(61, 'キャビンアテンダント', NULL, NULL, NULL),
(62, 'キャビンアテンダント', NULL, NULL, NULL),
(63, 'キャビンアテンダント', NULL, NULL, NULL),
(64, 'キャビンアテンダント', NULL, NULL, NULL),
(65, 'キャビンアテンダント', NULL, NULL, NULL),
(66, 'キャビンアテンダント', NULL, NULL, NULL),
(67, 'キャビンアテンダント', NULL, NULL, NULL),
(68, 'キャビンアテンダント', NULL, NULL, NULL),
(69, 'キャビンアテンダント', NULL, NULL, NULL),
(70, 'キャビンアテンダント', NULL, NULL, NULL),
(71, 'キャビンアテンダント', NULL, NULL, NULL),
(72, 'キャビンアテンダント', NULL, NULL, NULL),
(73, 'キャビンアテンダント', NULL, NULL, NULL),
(74, 'キャビンアテンダント', NULL, NULL, NULL),
(75, 'キャビンアテンダント', NULL, NULL, NULL),
(76, 'キャビンアテンダント', NULL, NULL, NULL),
(77, 'キャビンアテンダント', NULL, NULL, NULL),
(78, 'キャビンアテンダント', NULL, NULL, NULL),
(79, 'キャビンアテンダント', NULL, NULL, NULL),
(80, 'キャビンアテンダント', NULL, NULL, NULL),
(81, 'キャビンアテンダント', NULL, NULL, NULL),
(82, 'キャビンアテンダント', NULL, NULL, NULL),
(83, 'キャビンアテンダント', NULL, NULL, NULL),
(84, 'キャビンアテンダント', NULL, NULL, NULL),
(85, 'キャビンアテンダント', NULL, NULL, NULL),
(86, 'キャビンアテンダント', NULL, NULL, NULL),
(87, 'キャビンアテンダント', NULL, NULL, NULL),
(88, 'キャビンアテンダント', NULL, NULL, NULL),
(89, 'キャビンアテンダント', NULL, NULL, NULL),
(90, 'キャビンアテンダント', NULL, NULL, NULL),
(91, 'キャビンアテンダント', NULL, NULL, NULL),
(92, 'キャビンアテンダント', NULL, NULL, NULL),
(93, 'キャビンアテンダント', NULL, NULL, NULL),
(94, 'キャビンアテンダント', NULL, NULL, NULL),
(95, 'キャビンアテンダント', NULL, NULL, NULL),
(96, 'キャビンアテンダント', NULL, NULL, NULL),
(97, 'キャビンアテンダント', NULL, NULL, NULL),
(98, 'キャビンアテンダント', NULL, NULL, NULL),
(99, 'キャビンアテンダント', NULL, NULL, NULL),
(100, 'キャビンアテンダント', NULL, NULL, NULL),
(101, 'キャビンアテンダント', NULL, NULL, NULL),
(102, 'キャビンアテンダント', NULL, NULL, NULL),
(103, 'キャビンアテンダント', NULL, NULL, NULL),
(104, 'キャビンアテンダント', NULL, NULL, NULL),
(105, 'キャビンアテンダント', NULL, NULL, NULL),
(106, 'キャビンアテンダント', NULL, NULL, NULL);

INSERT INTO `job_categories` (`id`, `name`, `sort_order`, `created_by`, `deleted`, `created_at`, `updated_at`) VALUES
(1, 'キャビンアテンダント', NULL, NULL, NULL, NULL, NULL),
(2, 'キャビンアテンダント', NULL, NULL, NULL, NULL, NULL),
(3, 'キャビンアテンダント', NULL, NULL, NULL, NULL, NULL),
(4, 'キャビンアテンダント', NULL, NULL, NULL, NULL, NULL),
(5, 'キャビンアテンダント', NULL, NULL, NULL, NULL, NULL),
(6, 'キャビンアテンダント', NULL, NULL, NULL, NULL, NULL),
(7, 'キャビンアテンダント', NULL, NULL, NULL, NULL, NULL),
(8, 'キャビンアテンダント', NULL, NULL, NULL, NULL, NULL),
(9, 'キャビンアテンダント', NULL, NULL, NULL, NULL, NULL),
(10, 'キャビンアテンダント', NULL, NULL, NULL, NULL, NULL),
(11, 'キャビンアテンダント', NULL, NULL, NULL, NULL, NULL),
(12, 'キャビンアテンダント', NULL, NULL, NULL, NULL, NULL),
(13, 'キャビンアテンダント', NULL, NULL, NULL, NULL, NULL),
(14, 'キャビンアテンダント', NULL, NULL, NULL, NULL, NULL),
(15, 'キャビンアテンダント', NULL, NULL, NULL, NULL, NULL),
(16, 'キャビンアテンダント', NULL, NULL, NULL, NULL, NULL),
(17, 'キャビンアテンダント', NULL, NULL, NULL, NULL, NULL),
(18, 'キャビンアテンダント', NULL, NULL, NULL, NULL, NULL),
(19, 'キャビンアテンダント', NULL, NULL, NULL, NULL, NULL),
(20, 'キャビンアテンダント', NULL, NULL, NULL, NULL, NULL),
(21, 'キャビンアテンダント', NULL, NULL, NULL, NULL, NULL),
(22, 'キャビンアテンダント', NULL, NULL, NULL, NULL, NULL),
(23, 'キャビンアテンダント', NULL, NULL, NULL, NULL, NULL),
(24, 'キャビンアテンダント', NULL, NULL, NULL, NULL, NULL),
(25, 'キャビンアテンダント', NULL, NULL, NULL, NULL, NULL),
(26, 'キャビンアテンダント', NULL, NULL, NULL, NULL, NULL),
(27, 'キャビンアテンダント', NULL, NULL, NULL, NULL, NULL),
(28, 'キャビンアテンダント', NULL, NULL, NULL, NULL, NULL),
(29, 'キャビンアテンダント', NULL, NULL, NULL, NULL, NULL),
(30, 'キャビンアテンダント', NULL, NULL, NULL, NULL, NULL),
(31, 'キャビンアテンダント', NULL, NULL, NULL, NULL, NULL),
(32, 'キャビンアテンダント', NULL, NULL, NULL, NULL, NULL),
(33, 'キャビンアテンダント', NULL, NULL, NULL, NULL, NULL),
(34, 'キャビンアテンダント', NULL, NULL, NULL, NULL, NULL),
(35, 'キャビンアテンダント', NULL, NULL, NULL, NULL, NULL),
(36, 'キャビンアテンダント', NULL, NULL, NULL, NULL, NULL),
(37, 'キャビンアテンダント', NULL, NULL, NULL, NULL, NULL),
(38, 'キャビンアテンダント', NULL, NULL, NULL, NULL, NULL),
(39, 'キャビンアテンダント', NULL, NULL, NULL, NULL, NULL),
(40, 'キャビンアテンダント', NULL, NULL, NULL, NULL, NULL),
(41, 'キャビンアテンダント', NULL, NULL, NULL, NULL, NULL),
(42, 'キャビンアテンダント', NULL, NULL, NULL, NULL, NULL),
(43, 'キャビンアテンダント', NULL, NULL, NULL, NULL, NULL),
(44, 'キャビンアテンダント', NULL, NULL, NULL, NULL, NULL),
(45, 'キャビンアテンダント', NULL, NULL, NULL, NULL, NULL),
(46, 'キャビンアテンダント', NULL, NULL, NULL, NULL, NULL),
(47, 'キャビンアテンダント', NULL, NULL, NULL, NULL, NULL),
(48, 'キャビンアテンダント', NULL, NULL, NULL, NULL, NULL),
(49, 'キャビンアテンダント', NULL, NULL, NULL, NULL, NULL),
(50, 'キャビンアテンダント', NULL, NULL, NULL, NULL, NULL),
(51, 'キャビンアテンダント', NULL, NULL, NULL, NULL, NULL),
(52, 'キャビンアテンダント', NULL, NULL, NULL, NULL, NULL),
(53, 'キャビンアテンダント', NULL, NULL, NULL, NULL, NULL),
(54, 'キャビンアテンダント', NULL, NULL, NULL, NULL, NULL),
(55, 'キャビンアテンダント', NULL, NULL, NULL, NULL, NULL),
(56, 'キャビンアテンダント', NULL, NULL, NULL, NULL, NULL),
(57, 'キャビンアテンダント', NULL, NULL, NULL, NULL, NULL),
(58, 'キャビンアテンダント', NULL, NULL, NULL, NULL, NULL),
(59, 'キャビンアテンダント', NULL, NULL, NULL, NULL, NULL),
(60, 'キャビンアテンダント', NULL, NULL, NULL, NULL, NULL),
(61, 'キャビンアテンダント', NULL, NULL, NULL, NULL, NULL),
(62, 'キャビンアテンダント', NULL, NULL, NULL, NULL, NULL),
(63, 'キャビンアテンダント', NULL, NULL, NULL, NULL, NULL),
(64, 'キャビンアテンダント', NULL, NULL, NULL, NULL, NULL),
(65, 'キャビンアテンダント', NULL, NULL, NULL, NULL, NULL),
(66, 'キャビンアテンダント', NULL, NULL, NULL, NULL, NULL),
(67, 'キャビンアテンダント', NULL, NULL, NULL, NULL, NULL),
(68, 'キャビンアテンダント', NULL, NULL, NULL, NULL, NULL),
(69, 'キャビンアテンダント', NULL, NULL, NULL, NULL, NULL),
(70, 'キャビンアテンダント', NULL, NULL, NULL, NULL, NULL),
(71, 'キャビンアテンダント', NULL, NULL, NULL, NULL, NULL),
(72, 'キャビンアテンダント', NULL, NULL, NULL, NULL, NULL),
(73, 'キャビンアテンダント', NULL, NULL, NULL, NULL, NULL),
(74, 'キャビンアテンダント', NULL, NULL, NULL, NULL, NULL),
(75, 'キャビンアテンダント', NULL, NULL, NULL, NULL, NULL),
(76, 'キャビンアテンダント', NULL, NULL, NULL, NULL, NULL),
(77, 'キャビンアテンダント', NULL, NULL, NULL, NULL, NULL),
(78, 'キャビンアテンダント', NULL, NULL, NULL, NULL, NULL),
(79, 'キャビンアテンダント', NULL, NULL, NULL, NULL, NULL),
(80, 'キャビンアテンダント', NULL, NULL, NULL, NULL, NULL),
(81, 'キャビンアテンダント', NULL, NULL, NULL, NULL, NULL),
(82, 'キャビンアテンダント', NULL, NULL, NULL, NULL, NULL),
(83, 'キャビンアテンダント', NULL, NULL, NULL, NULL, NULL),
(84, 'キャビンアテンダント', NULL, NULL, NULL, NULL, NULL),
(85, 'キャビンアテンダント', NULL, NULL, NULL, NULL, NULL),
(86, 'キャビンアテンダント', NULL, NULL, NULL, NULL, NULL),
(87, 'キャビンアテンダント', NULL, NULL, NULL, NULL, NULL),
(88, 'キャビンアテンダント', NULL, NULL, NULL, NULL, NULL),
(89, 'キャビンアテンダント', NULL, NULL, NULL, NULL, NULL),
(90, 'キャビンアテンダント', NULL, NULL, NULL, NULL, NULL),
(91, 'キャビンアテンダント', NULL, NULL, NULL, NULL, NULL),
(92, 'キャビンアテンダント', NULL, NULL, NULL, NULL, NULL),
(93, 'キャビンアテンダント', NULL, NULL, NULL, NULL, NULL),
(94, 'キャビンアテンダント', NULL, NULL, NULL, NULL, NULL),
(95, 'キャビンアテンダント', NULL, NULL, NULL, NULL, NULL),
(96, 'キャビンアテンダント', NULL, NULL, NULL, NULL, NULL),
(97, 'キャビンアテンダント', NULL, NULL, NULL, NULL, NULL),
(98, 'キャビンアテンダント', NULL, NULL, NULL, NULL, NULL),
(99, 'キャビンアテンダント', NULL, NULL, NULL, NULL, NULL),
(100, 'キャビンアテンダント', NULL, NULL, NULL, NULL, NULL),
(101, 'キャビンアテンダント', NULL, NULL, NULL, NULL, NULL),
(102, 'キャビンアテンダント', NULL, NULL, NULL, NULL, NULL),
(103, 'キャビンアテンダント', NULL, NULL, NULL, NULL, NULL),
(104, 'キャビンアテンダント', NULL, NULL, NULL, NULL, NULL),
(105, 'キャビンアテンダント', NULL, NULL, NULL, NULL, NULL),
(106, 'キャビンアテンダント', NULL, NULL, NULL, NULL, NULL);

INSERT INTO `job_types` (`id`, `name`, `job_category_id`, `sort_order`, `created_by`, `deleted`, `created_at`, `updated_at`) VALUES
(1, 'キャビンアテンダント', 1, NULL, NULL, NULL, NULL, NULL),
(2, 'キャビンアテンダント', 2, NULL, NULL, NULL, NULL, NULL),
(3, 'キャビンアテンダント', 3, NULL, NULL, NULL, NULL, NULL),
(4, 'キャビンアテンダント', 4, NULL, NULL, NULL, NULL, NULL),
(5, 'キャビンアテンダント', 5, NULL, NULL, NULL, NULL, NULL),
(6, 'キャビンアテンダント', 77, NULL, NULL, NULL, NULL, NULL),
(7, 'キャビンアテンダント', 39, NULL, NULL, NULL, NULL, NULL),
(8, 'キャビンアテンダント', 44, NULL, NULL, NULL, NULL, NULL),
(9, 'キャビンアテンダント', 39, NULL, NULL, NULL, NULL, NULL),
(10, 'キャビンアテンダント', 70, NULL, NULL, NULL, NULL, NULL),
(11, 'キャビンアテンダント', 23, NULL, NULL, NULL, NULL, NULL),
(12, 'キャビンアテンダント', 22, NULL, NULL, NULL, NULL, NULL),
(13, 'キャビンアテンダント', 21, NULL, NULL, NULL, NULL, NULL),
(14, 'キャビンアテンダント', 23, NULL, NULL, NULL, NULL, NULL),
(15, 'キャビンアテンダント', 46, NULL, NULL, NULL, NULL, NULL),
(16, 'キャビンアテンダント', 90, NULL, NULL, NULL, NULL, NULL),
(17, 'キャビンアテンダント', 12, NULL, NULL, NULL, NULL, NULL),
(18, 'キャビンアテンダント', 2, NULL, NULL, NULL, NULL, NULL),
(19, 'キャビンアテンダント', 22, NULL, NULL, NULL, NULL, NULL),
(20, 'キャビンアテンダント', 89, NULL, NULL, NULL, NULL, NULL),
(21, 'キャビンアテンダント', 89, NULL, NULL, NULL, NULL, NULL),
(22, 'キャビンアテンダント', 92, NULL, NULL, NULL, NULL, NULL),
(23, 'キャビンアテンダント', 13, NULL, NULL, NULL, NULL, NULL),
(24, 'キャビンアテンダント', 82, NULL, NULL, NULL, NULL, NULL),
(25, 'キャビンアテンダント', 48, NULL, NULL, NULL, NULL, NULL),
(26, 'キャビンアテンダント', 22, NULL, NULL, NULL, NULL, NULL),
(27, 'キャビンアテンダント', 31, NULL, NULL, NULL, NULL, NULL),
(28, 'キャビンアテンダント', 8, NULL, NULL, NULL, NULL, NULL),
(29, 'キャビンアテンダント', 53, NULL, NULL, NULL, NULL, NULL),
(30, 'キャビンアテンダント', 23, NULL, NULL, NULL, NULL, NULL),
(31, 'キャビンアテンダント', 57, NULL, NULL, NULL, NULL, NULL),
(32, 'キャビンアテンダント', 70, NULL, NULL, NULL, NULL, NULL),
(33, 'キャビンアテンダント', 87, NULL, NULL, NULL, NULL, NULL),
(34, 'キャビンアテンダント', 98, NULL, NULL, NULL, NULL, NULL),
(35, 'キャビンアテンダント', 84, NULL, NULL, NULL, NULL, NULL),
(36, 'キャビンアテンダント', 32, NULL, NULL, NULL, NULL, NULL),
(37, 'キャビンアテンダント', 91, NULL, NULL, NULL, NULL, NULL),
(38, 'キャビンアテンダント', 5, NULL, NULL, NULL, NULL, NULL),
(39, 'キャビンアテンダント', 70, NULL, NULL, NULL, NULL, NULL),
(40, 'キャビンアテンダント', 56, NULL, NULL, NULL, NULL, NULL),
(41, 'キャビンアテンダント', 7, NULL, NULL, NULL, NULL, NULL),
(42, 'キャビンアテンダント', 99, NULL, NULL, NULL, NULL, NULL),
(43, 'キャビンアテンダント', 41, NULL, NULL, NULL, NULL, NULL),
(44, 'キャビンアテンダント', 62, NULL, NULL, NULL, NULL, NULL),
(45, 'キャビンアテンダント', 72, NULL, NULL, NULL, NULL, NULL),
(46, 'キャビンアテンダント', 23, NULL, NULL, NULL, NULL, NULL),
(47, 'キャビンアテンダント', 15, NULL, NULL, NULL, NULL, NULL),
(48, 'キャビンアテンダント', 61, NULL, NULL, NULL, NULL, NULL),
(49, 'キャビンアテンダント', 93, NULL, NULL, NULL, NULL, NULL),
(50, 'キャビンアテンダント', 38, NULL, NULL, NULL, NULL, NULL),
(51, 'キャビンアテンダント', 78, NULL, NULL, NULL, NULL, NULL),
(52, 'キャビンアテンダント', 79, NULL, NULL, NULL, NULL, NULL),
(53, 'キャビンアテンダント', 20, NULL, NULL, NULL, NULL, NULL),
(54, 'キャビンアテンダント', 32, NULL, NULL, NULL, NULL, NULL),
(55, 'キャビンアテンダント', 47, NULL, NULL, NULL, NULL, NULL),
(56, 'キャビンアテンダント', 58, NULL, NULL, NULL, NULL, NULL),
(57, 'キャビンアテンダント', 26, NULL, NULL, NULL, NULL, NULL),
(58, 'キャビンアテンダント', 59, NULL, NULL, NULL, NULL, NULL),
(59, 'キャビンアテンダント', 89, NULL, NULL, NULL, NULL, NULL),
(60, 'キャビンアテンダント', 8, NULL, NULL, NULL, NULL, NULL),
(61, 'キャビンアテンダント', 30, NULL, NULL, NULL, NULL, NULL),
(62, 'キャビンアテンダント', 8, NULL, NULL, NULL, NULL, NULL),
(63, 'キャビンアテンダント', 69, NULL, NULL, NULL, NULL, NULL),
(64, 'キャビンアテンダント', 94, NULL, NULL, NULL, NULL, NULL),
(65, 'キャビンアテンダント', 46, NULL, NULL, NULL, NULL, NULL),
(66, 'キャビンアテンダント', 29, NULL, NULL, NULL, NULL, NULL),
(67, 'キャビンアテンダント', 92, NULL, NULL, NULL, NULL, NULL),
(68, 'キャビンアテンダント', 57, NULL, NULL, NULL, NULL, NULL),
(69, 'キャビンアテンダント', 74, NULL, NULL, NULL, NULL, NULL),
(70, 'キャビンアテンダント', 14, NULL, NULL, NULL, NULL, NULL),
(71, 'キャビンアテンダント', 60, NULL, NULL, NULL, NULL, NULL),
(72, 'キャビンアテンダント', 78, NULL, NULL, NULL, NULL, NULL),
(73, 'キャビンアテンダント', 57, NULL, NULL, NULL, NULL, NULL),
(74, 'キャビンアテンダント', 64, NULL, NULL, NULL, NULL, NULL),
(75, 'キャビンアテンダント', 13, NULL, NULL, NULL, NULL, NULL),
(76, 'キャビンアテンダント', 80, NULL, NULL, NULL, NULL, NULL),
(77, 'キャビンアテンダント', 32, NULL, NULL, NULL, NULL, NULL),
(78, 'キャビンアテンダント', 40, NULL, NULL, NULL, NULL, NULL),
(79, 'キャビンアテンダント', 7, NULL, NULL, NULL, NULL, NULL),
(80, 'キャビンアテンダント', 34, NULL, NULL, NULL, NULL, NULL),
(81, 'キャビンアテンダント', 25, NULL, NULL, NULL, NULL, NULL),
(82, 'キャビンアテンダント', 50, NULL, NULL, NULL, NULL, NULL),
(83, 'キャビンアテンダント', 84, NULL, NULL, NULL, NULL, NULL),
(84, 'キャビンアテンダント', 57, NULL, NULL, NULL, NULL, NULL),
(85, 'キャビンアテンダント', 7, NULL, NULL, NULL, NULL, NULL),
(86, 'キャビンアテンダント', 97, NULL, NULL, NULL, NULL, NULL),
(87, 'キャビンアテンダント', 81, NULL, NULL, NULL, NULL, NULL),
(88, 'キャビンアテンダント', 35, NULL, NULL, NULL, NULL, NULL),
(89, 'キャビンアテンダント', 45, NULL, NULL, NULL, NULL, NULL),
(90, 'キャビンアテンダント', 73, NULL, NULL, NULL, NULL, NULL),
(91, 'キャビンアテンダント', 70, NULL, NULL, NULL, NULL, NULL),
(92, 'キャビンアテンダント', 91, NULL, NULL, NULL, NULL, NULL),
(93, 'キャビンアテンダント', 81, NULL, NULL, NULL, NULL, NULL),
(94, 'キャビンアテンダント', 13, NULL, NULL, NULL, NULL, NULL),
(95, 'キャビンアテンダント', 75, NULL, NULL, NULL, NULL, NULL),
(96, 'キャビンアテンダント', 100, NULL, NULL, NULL, NULL, NULL),
(97, 'キャビンアテンダント', 69, NULL, NULL, NULL, NULL, NULL),
(98, 'キャビンアテンダント', 45, NULL, NULL, NULL, NULL, NULL),
(99, 'キャビンアテンダント', 24, NULL, NULL, NULL, NULL, NULL),
(100, 'キャビンアテンダント', 76, NULL, NULL, NULL, NULL, NULL),
(101, 'キャビンアテンダント', 9, NULL, NULL, NULL, NULL, NULL),
(102, 'キャビンアテンダント', 53, NULL, NULL, NULL, NULL, NULL),
(103, 'キャビンアテンダント', 11, NULL, NULL, NULL, NULL, NULL),
(104, 'キャビンアテンダント', 44, NULL, NULL, NULL, NULL, NULL),
(105, 'キャビンアテンダント', 35, NULL, NULL, NULL, NULL, NULL),
(106, 'キャビンアテンダント', 17, NULL, NULL, NULL, NULL, NULL);

INSERT INTO `jobs` (`id`, `name`, `media_id`, `job_category_id`, `job_type_id`, `description`, `detail`, `business_skill`, `knowledge`, `location`, `activity`, `academic_degree_doctor`, `academic_degree_master`, `academic_degree_professional`, `academic_degree_bachelor`, `salary_statistic_group`, `salary_range_first_year`, `salary_range_average`, `salary_range_remarks`, `restriction`, `estimated_total_workers`, `remarks`, `url`, `seo_description`, `seo_keywords`, `sort_order`, `publish_status`, `version`, `created_by`, `deleted`, `created_at`, `updated_at`) VALUES
(1, 'キャビンアテンダント', NULL, 1, 5, 'キャビンアテンダント', 'キャビンアテンダント', 'キャビンアテンダント', 'キャビンアテンダント', 'キャビンアテンダント', 'キャビンアテンダント', NULL, NULL, NULL, NULL, 'キャビンアテンダント', NULL, NULL, 'キャビンアテンダント', 'キャビンアテンダント', NULL, 'キャビンアテンダント', NULL, NULL, NULL, NULL, '1', NULL, NULL, NULL, NULL, NULL),
(2, 'キャビンアテンダント', NULL, 2, 4, 'キャビンアテンダント', 'キャビンアテンダント', 'キャビンアテンダント', 'キャビンアテンダント', 'キャビンアテンダント', 'キャビンアテンダント', NULL, NULL, NULL, NULL, 'キャビンアテンダント', NULL, NULL, 'キャビンアテンダント', 'キャビンアテンダント', NULL, 'キャビンアテンダント', NULL, NULL, NULL, NULL, '1', NULL, NULL, NULL, NULL, NULL),
(3, 'キャビンアテンダント', NULL, 3, 3, 'キャビンアテンダント', 'キャビンアテンダント', 'キャビンアテンダント', 'キャビンアテンダント', 'キャビンアテンダント', 'キャビンアテンダント', NULL, NULL, NULL, NULL, 'キャビンアテンダント', NULL, NULL, 'キャビンアテンダント', 'キャビンアテンダント', NULL, 'キャビンアテンダント', NULL, NULL, NULL, NULL, '1', NULL, NULL, NULL, NULL, NULL),
(4, 'キャビンアテンダント', NULL, 4, 2, 'キャビンアテンダント', 'キャビンアテンダント', 'キャビンアテンダント', 'キャビンアテンダント', 'キャビンアテンダント', 'キャビンアテンダント', NULL, NULL, NULL, NULL, 'キャビンアテンダント', NULL, NULL, 'キャビンアテンダント', 'キャビンアテンダント', NULL, 'キャビンアテンダント', NULL, NULL, NULL, NULL, '1', NULL, NULL, NULL, NULL, NULL),
(5, 'キャビンアテンダント', NULL, 5, 1, 'キャビンアテンダント', 'キャビンアテンダント', 'キャビンアテンダント', 'キャビンアテンダント', 'キャビンアテンダント', 'キャビンアテンダント', NULL, NULL, NULL, NULL, 'キャビンアテンダント', NULL, NULL, 'キャビンアテンダント', 'キャビンアテンダント', NULL, 'キャビンアテンダント', NULL, NULL, NULL, NULL, '1', NULL, NULL, NULL, NULL, NULL),
(6, 'キャビンアテンダント', NULL, 4, 1, 'キャビンアテンダント', 'キャビンアテンダント', 'キャビンアテンダント', 'キャビンアテンダント', 'キャビンアテンダント', 'キャビンアテンダント', NULL, NULL, NULL, NULL, 'キャビンアテンダント', NULL, NULL, 'キャビンアテンダント', 'キャビンアテンダント', NULL, 'キャビンアテンダント', NULL, NULL, NULL, NULL, '1', NULL, NULL, NULL, NULL, NULL),
(7, 'キャビンアテンダント', NULL, 2, 3, 'キャビンアテンダント', 'キャビンアテンダント', 'キャビンアテンダント', 'キャビンアテンダント', 'キャビンアテンダント', 'キャビンアテンダント', NULL, NULL, NULL, NULL, 'キャビンアテンダント', NULL, NULL, 'キャビンアテンダント', 'キャビンアテンダント', NULL, 'キャビンアテンダント', NULL, NULL, NULL, NULL, '1', NULL, NULL, NULL, NULL, NULL),
(8, 'キャビンアテンダント', NULL, 2, 3, 'キャビンアテンダント', 'キャビンアテンダント', 'キャビンアテンダント', 'キャビンアテンダント', 'キャビンアテンダント', 'キャビンアテンダント', NULL, NULL, NULL, NULL, 'キャビンアテンダント', NULL, NULL, 'キャビンアテンダント', 'キャビンアテンダント', NULL, 'キャビンアテンダント', NULL, NULL, NULL, NULL, '1', NULL, NULL, NULL, NULL, NULL),
(9, 'キャビンアテンダント', NULL, 4, 4, 'キャビンアテンダント', 'キャビンアテンダント', 'キャビンアテンダント', 'キャビンアテンダント', 'キャビンアテンダント', 'キャビンアテンダント', NULL, NULL, NULL, NULL, 'キャビンアテンダント', NULL, NULL, 'キャビンアテンダント', 'キャビンアテンダント', NULL, 'キャビンアテンダント', NULL, NULL, NULL, NULL, '1', NULL, NULL, NULL, NULL, NULL),
(10, 'キャビンアテンダント', NULL, 4, 4, 'キャビンアテンダント', 'キャビンアテンダント', 'キャビンアテンダント', 'キャビンアテンダント', 'キャビンアテンダント', 'キャビンアテンダント', NULL, NULL, NULL, NULL, 'キャビンアテンダント', NULL, NULL, 'キャビンアテンダント', 'キャビンアテンダント', NULL, 'キャビンアテンダント', NULL, NULL, NULL, NULL, '1', NULL, NULL, NULL, NULL, NULL),
(11, 'キャビンアテンダント', NULL, 3, 2, 'キャビンアテンダント', 'キャビンアテンダント', 'キャビンアテンダント', 'キャビンアテンダント', 'キャビンアテンダント', 'キャビンアテンダント', NULL, NULL, NULL, NULL, 'キャビンアテンダント', NULL, NULL, 'キャビンアテンダント', 'キャビンアテンダント', NULL, 'キャビンアテンダント', NULL, NULL, NULL, NULL, '1', NULL, NULL, NULL, NULL, NULL),
(12, 'キャビンアテンダント', NULL, 3, 3, 'キャビンアテンダント', 'キャビンアテンダント', 'キャビンアテンダント', 'キャビンアテンダント', 'キャビンアテンダント', 'キャビンアテンダント', NULL, NULL, NULL, NULL, 'キャビンアテンダント', NULL, NULL, 'キャビンアテンダント', 'キャビンアテンダント', NULL, 'キャビンアテンダント', NULL, NULL, NULL, NULL, '1', NULL, NULL, NULL, NULL, NULL),
(13, 'キャビンアテンダント', NULL, 2, 5, 'キャビンアテンダント', 'キャビンアテンダント', 'キャビンアテンダント', 'キャビンアテンダント', 'キャビンアテンダント', 'キャビンアテンダント', NULL, NULL, NULL, NULL, 'キャビンアテンダント', NULL, NULL, 'キャビンアテンダント', 'キャビンアテンダント', NULL, 'キャビンアテンダント', NULL, NULL, NULL, NULL, '1', NULL, NULL, NULL, NULL, NULL),
(14, 'キャビンアテンダント', NULL, 4, 3, 'キャビンアテンダント', 'キャビンアテンダント', 'キャビンアテンダント', 'キャビンアテンダント', 'キャビンアテンダント', 'キャビンアテンダント', NULL, NULL, NULL, NULL, 'キャビンアテンダント', NULL, NULL, 'キャビンアテンダント', 'キャビンアテンダント', NULL, 'キャビンアテンダント', NULL, NULL, NULL, NULL, '1', NULL, NULL, NULL, NULL, NULL),
(15, 'キャビンアテンダント', NULL, 1, 1, 'キャビンアテンダント', 'キャビンアテンダント', 'キャビンアテンダント', 'キャビンアテンダント', 'キャビンアテンダント', 'キャビンアテンダント', NULL, NULL, NULL, NULL, 'キャビンアテンダント', NULL, NULL, 'キャビンアテンダント', 'キャビンアテンダント', NULL, 'キャビンアテンダント', NULL, NULL, NULL, NULL, '1', NULL, NULL, NULL, NULL, NULL),
(16, 'キャビンアテンダント', NULL, 2, 2, 'キャビンアテンダント', 'キャビンアテンダント', 'キャビンアテンダント', 'キャビンアテンダント', 'キャビンアテンダント', 'キャビンアテンダント', NULL, NULL, NULL, NULL, 'キャビンアテンダント', NULL, NULL, 'キャビンアテンダント', 'キャビンアテンダント', NULL, 'キャビンアテンダント', NULL, NULL, NULL, NULL, '1', NULL, NULL, NULL, NULL, NULL),
(17, 'キャビンアテンダント', NULL, 4, 5, 'キャビンアテンダント', 'キャビンアテンダント', 'キャビンアテンダント', 'キャビンアテンダント', 'キャビンアテンダント', 'キャビンアテンダント', NULL, NULL, NULL, NULL, 'キャビンアテンダント', NULL, NULL, 'キャビンアテンダント', 'キャビンアテンダント', NULL, 'キャビンアテンダント', NULL, NULL, NULL, NULL, '1', NULL, NULL, NULL, NULL, NULL),
(18, 'キャビンアテンダント', NULL, 1, 3, 'キャビンアテンダント', 'キャビンアテンダント', 'キャビンアテンダント', 'キャビンアテンダント', 'キャビンアテンダント', 'キャビンアテンダント', NULL, NULL, NULL, NULL, 'キャビンアテンダント', NULL, NULL, 'キャビンアテンダント', 'キャビンアテンダント', NULL, 'キャビンアテンダント', NULL, NULL, NULL, NULL, '1', NULL, NULL, NULL, NULL, NULL),
(19, 'キャビンアテンダント', NULL, 3, 2, 'キャビンアテンダント', 'キャビンアテンダント', 'キャビンアテンダント', 'キャビンアテンダント', 'キャビンアテンダント', 'キャビンアテンダント', NULL, NULL, NULL, NULL, 'キャビンアテンダント', NULL, NULL, 'キャビンアテンダント', 'キャビンアテンダント', NULL, 'キャビンアテンダント', NULL, NULL, NULL, NULL, '1', NULL, NULL, NULL, NULL, NULL),
(20, 'キャビンアテンダント', NULL, 2, 3, 'キャビンアテンダント', 'キャビンアテンダント', 'キャビンアテンダント', 'キャビンアテンダント', 'キャビンアテンダント', 'キャビンアテンダント', NULL, NULL, NULL, NULL, 'キャビンアテンダント', NULL, NULL, 'キャビンアテンダント', 'キャビンアテンダント', NULL, 'キャビンアテンダント', NULL, NULL, NULL, NULL, '1', NULL, NULL, NULL, NULL, NULL),
(21, 'キャビンアテンダント', NULL, 3, 3, 'キャビンアテンダント', 'キャビンアテンダント', 'キャビンアテンダント', 'キャビンアテンダント', 'キャビンアテンダント', 'キャビンアテンダント', NULL, NULL, NULL, NULL, 'キャビンアテンダント', NULL, NULL, 'キャビンアテンダント', 'キャビンアテンダント', NULL, 'キャビンアテンダント', NULL, NULL, NULL, NULL, '1', NULL, NULL, NULL, NULL, NULL),
(22, 'キャビンアテンダント', NULL, 5, 1, 'キャビンアテンダント', 'キャビンアテンダント', 'キャビンアテンダント', 'キャビンアテンダント', 'キャビンアテンダント', 'キャビンアテンダント', NULL, NULL, NULL, NULL, 'キャビンアテンダント', NULL, NULL, 'キャビンアテンダント', 'キャビンアテンダント', NULL, 'キャビンアテンダント', NULL, NULL, NULL, NULL, '1', NULL, NULL, NULL, NULL, NULL),
(23, 'キャビンアテンダント', NULL, 3, 2, 'キャビンアテンダント', 'キャビンアテンダント', 'キャビンアテンダント', 'キャビンアテンダント', 'キャビンアテンダント', 'キャビンアテンダント', NULL, NULL, NULL, NULL, 'キャビンアテンダント', NULL, NULL, 'キャビンアテンダント', 'キャビンアテンダント', NULL, 'キャビンアテンダント', NULL, NULL, NULL, NULL, '1', NULL, NULL, NULL, NULL, NULL),
(24, 'キャビンアテンダント', NULL, 1, 2, 'キャビンアテンダント', 'キャビンアテンダント', 'キャビンアテンダント', 'キャビンアテンダント', 'キャビンアテンダント', 'キャビンアテンダント', NULL, NULL, NULL, NULL, 'キャビンアテンダント', NULL, NULL, 'キャビンアテンダント', 'キャビンアテンダント', NULL, 'キャビンアテンダント', NULL, NULL, NULL, NULL, '1', NULL, NULL, NULL, NULL, NULL),
(25, 'キャビンアテンダント', NULL, 4, 1, 'キャビンアテンダント', 'キャビンアテンダント', 'キャビンアテンダント', 'キャビンアテンダント', 'キャビンアテンダント', 'キャビンアテンダント', NULL, NULL, NULL, NULL, 'キャビンアテンダント', NULL, NULL, 'キャビンアテンダント', 'キャビンアテンダント', NULL, 'キャビンアテンダント', NULL, NULL, NULL, NULL, '1', NULL, NULL, NULL, NULL, NULL),
(26, 'キャビンアテンダント', NULL, 3, 2, 'キャビンアテンダント', 'キャビンアテンダント', 'キャビンアテンダント', 'キャビンアテンダント', 'キャビンアテンダント', 'キャビンアテンダント', NULL, NULL, NULL, NULL, 'キャビンアテンダント', NULL, NULL, 'キャビンアテンダント', 'キャビンアテンダント', NULL, 'キャビンアテンダント', NULL, NULL, NULL, NULL, '1', NULL, NULL, NULL, NULL, NULL),
(27, 'キャビンアテンダント', NULL, 2, 2, 'キャビンアテンダント', 'キャビンアテンダント', 'キャビンアテンダント', 'キャビンアテンダント', 'キャビンアテンダント', 'キャビンアテンダント', NULL, NULL, NULL, NULL, 'キャビンアテンダント', NULL, NULL, 'キャビンアテンダント', 'キャビンアテンダント', NULL, 'キャビンアテンダント', NULL, NULL, NULL, NULL, '1', NULL, NULL, NULL, NULL, NULL),
(28, 'キャビンアテンダント', NULL, 3, 2, 'キャビンアテンダント', 'キャビンアテンダント', 'キャビンアテンダント', 'キャビンアテンダント', 'キャビンアテンダント', 'キャビンアテンダント', NULL, NULL, NULL, NULL, 'キャビンアテンダント', NULL, NULL, 'キャビンアテンダント', 'キャビンアテンダント', NULL, 'キャビンアテンダント', NULL, NULL, NULL, NULL, '1', NULL, NULL, NULL, NULL, NULL),
(29, 'キャビンアテンダント', NULL, 5, 5, 'キャビンアテンダント', 'キャビンアテンダント', 'キャビンアテンダント', 'キャビンアテンダント', 'キャビンアテンダント', 'キャビンアテンダント', NULL, NULL, NULL, NULL, 'キャビンアテンダント', NULL, NULL, 'キャビンアテンダント', 'キャビンアテンダント', NULL, 'キャビンアテンダント', NULL, NULL, NULL, NULL, '1', NULL, NULL, NULL, NULL, NULL),
(30, 'キャビンアテンダント', NULL, 3, 3, 'キャビンアテンダント', 'キャビンアテンダント', 'キャビンアテンダント', 'キャビンアテンダント', 'キャビンアテンダント', 'キャビンアテンダント', NULL, NULL, NULL, NULL, 'キャビンアテンダント', NULL, NULL, 'キャビンアテンダント', 'キャビンアテンダント', NULL, 'キャビンアテンダント', NULL, NULL, NULL, NULL, '1', NULL, NULL, NULL, NULL, NULL),
(31, 'キャビンアテンダント', NULL, 5, 4, 'キャビンアテンダント', 'キャビンアテンダント', 'キャビンアテンダント', 'キャビンアテンダント', 'キャビンアテンダント', 'キャビンアテンダント', NULL, NULL, NULL, NULL, 'キャビンアテンダント', NULL, NULL, 'キャビンアテンダント', 'キャビンアテンダント', NULL, 'キャビンアテンダント', NULL, NULL, NULL, NULL, '1', NULL, NULL, NULL, NULL, NULL),
(32, 'キャビンアテンダント', NULL, 4, 1, 'キャビンアテンダント', 'キャビンアテンダント', 'キャビンアテンダント', 'キャビンアテンダント', 'キャビンアテンダント', 'キャビンアテンダント', NULL, NULL, NULL, NULL, 'キャビンアテンダント', NULL, NULL, 'キャビンアテンダント', 'キャビンアテンダント', NULL, 'キャビンアテンダント', NULL, NULL, NULL, NULL, '1', NULL, NULL, NULL, NULL, NULL),
(33, 'キャビンアテンダント', NULL, 2, 3, 'キャビンアテンダント', 'キャビンアテンダント', 'キャビンアテンダント', 'キャビンアテンダント', 'キャビンアテンダント', 'キャビンアテンダント', NULL, NULL, NULL, NULL, 'キャビンアテンダント', NULL, NULL, 'キャビンアテンダント', 'キャビンアテンダント', NULL, 'キャビンアテンダント', NULL, NULL, NULL, NULL, '1', NULL, NULL, NULL, NULL, NULL),
(34, 'キャビンアテンダント', NULL, 3, 4, 'キャビンアテンダント', 'キャビンアテンダント', 'キャビンアテンダント', 'キャビンアテンダント', 'キャビンアテンダント', 'キャビンアテンダント', NULL, NULL, NULL, NULL, 'キャビンアテンダント', NULL, NULL, 'キャビンアテンダント', 'キャビンアテンダント', NULL, 'キャビンアテンダント', NULL, NULL, NULL, NULL, '1', NULL, NULL, NULL, NULL, NULL),
(35, 'キャビンアテンダント', NULL, 5, 3, 'キャビンアテンダント', 'キャビンアテンダント', 'キャビンアテンダント', 'キャビンアテンダント', 'キャビンアテンダント', 'キャビンアテンダント', NULL, NULL, NULL, NULL, 'キャビンアテンダント', NULL, NULL, 'キャビンアテンダント', 'キャビンアテンダント', NULL, 'キャビンアテンダント', NULL, NULL, NULL, NULL, '1', NULL, NULL, NULL, NULL, NULL),
(36, 'キャビンアテンダント', NULL, 5, 2, 'キャビンアテンダント', 'キャビンアテンダント', 'キャビンアテンダント', 'キャビンアテンダント', 'キャビンアテンダント', 'キャビンアテンダント', NULL, NULL, NULL, NULL, 'キャビンアテンダント', NULL, NULL, 'キャビンアテンダント', 'キャビンアテンダント', NULL, 'キャビンアテンダント', NULL, NULL, NULL, NULL, '1', NULL, NULL, NULL, NULL, NULL),
(37, 'キャビンアテンダント', NULL, 2, 2, 'キャビンアテンダント', 'キャビンアテンダント', 'キャビンアテンダント', 'キャビンアテンダント', 'キャビンアテンダント', 'キャビンアテンダント', NULL, NULL, NULL, NULL, 'キャビンアテンダント', NULL, NULL, 'キャビンアテンダント', 'キャビンアテンダント', NULL, 'キャビンアテンダント', NULL, NULL, NULL, NULL, '1', NULL, NULL, NULL, NULL, NULL),
(38, 'キャビンアテンダント', NULL, 5, 2, 'キャビンアテンダント', 'キャビンアテンダント', 'キャビンアテンダント', 'キャビンアテンダント', 'キャビンアテンダント', 'キャビンアテンダント', NULL, NULL, NULL, NULL, 'キャビンアテンダント', NULL, NULL, 'キャビンアテンダント', 'キャビンアテンダント', NULL, 'キャビンアテンダント', NULL, NULL, NULL, NULL, '1', NULL, NULL, NULL, NULL, NULL),
(39, 'キャビンアテンダント', NULL, 3, 5, 'キャビンアテンダント', 'キャビンアテンダント', 'キャビンアテンダント', 'キャビンアテンダント', 'キャビンアテンダント', 'キャビンアテンダント', NULL, NULL, NULL, NULL, 'キャビンアテンダント', NULL, NULL, 'キャビンアテンダント', 'キャビンアテンダント', NULL, 'キャビンアテンダント', NULL, NULL, NULL, NULL, '1', NULL, NULL, NULL, NULL, NULL),
(40, 'キャビンアテンダント', NULL, 1, 4, 'キャビンアテンダント', 'キャビンアテンダント', 'キャビンアテンダント', 'キャビンアテンダント', 'キャビンアテンダント', 'キャビンアテンダント', NULL, NULL, NULL, NULL, 'キャビンアテンダント', NULL, NULL, 'キャビンアテンダント', 'キャビンアテンダント', NULL, 'キャビンアテンダント', NULL, NULL, NULL, NULL, '1', NULL, NULL, NULL, NULL, NULL),
(41, 'キャビンアテンダント', NULL, 4, 4, 'キャビンアテンダント', 'キャビンアテンダント', 'キャビンアテンダント', 'キャビンアテンダント', 'キャビンアテンダント', 'キャビンアテンダント', NULL, NULL, NULL, NULL, 'キャビンアテンダント', NULL, NULL, 'キャビンアテンダント', 'キャビンアテンダント', NULL, 'キャビンアテンダント', NULL, NULL, NULL, NULL, '1', NULL, NULL, NULL, NULL, NULL),
(42, 'キャビンアテンダント', NULL, 5, 4, 'キャビンアテンダント', 'キャビンアテンダント', 'キャビンアテンダント', 'キャビンアテンダント', 'キャビンアテンダント', 'キャビンアテンダント', NULL, NULL, NULL, NULL, 'キャビンアテンダント', NULL, NULL, 'キャビンアテンダント', 'キャビンアテンダント', NULL, 'キャビンアテンダント', NULL, NULL, NULL, NULL, '1', NULL, NULL, NULL, NULL, NULL),
(43, 'キャビンアテンダント', NULL, 2, 1, 'キャビンアテンダント', 'キャビンアテンダント', 'キャビンアテンダント', 'キャビンアテンダント', 'キャビンアテンダント', 'キャビンアテンダント', NULL, NULL, NULL, NULL, 'キャビンアテンダント', NULL, NULL, 'キャビンアテンダント', 'キャビンアテンダント', NULL, 'キャビンアテンダント', NULL, NULL, NULL, NULL, '1', NULL, NULL, NULL, NULL, NULL),
(44, 'キャビンアテンダント', NULL, 5, 5, 'キャビンアテンダント', 'キャビンアテンダント', 'キャビンアテンダント', 'キャビンアテンダント', 'キャビンアテンダント', 'キャビンアテンダント', NULL, NULL, NULL, NULL, 'キャビンアテンダント', NULL, NULL, 'キャビンアテンダント', 'キャビンアテンダント', NULL, 'キャビンアテンダント', NULL, NULL, NULL, NULL, '1', NULL, NULL, NULL, NULL, NULL),
(45, 'キャビンアテンダント', NULL, 2, 1, 'キャビンアテンダント', 'キャビンアテンダント', 'キャビンアテンダント', 'キャビンアテンダント', 'キャビンアテンダント', 'キャビンアテンダント', NULL, NULL, NULL, NULL, 'キャビンアテンダント', NULL, NULL, 'キャビンアテンダント', 'キャビンアテンダント', NULL, 'キャビンアテンダント', NULL, NULL, NULL, NULL, '1', NULL, NULL, NULL, NULL, NULL),
(46, 'キャビンアテンダント', NULL, 3, 2, 'キャビンアテンダント', 'キャビンアテンダント', 'キャビンアテンダント', 'キャビンアテンダント', 'キャビンアテンダント', 'キャビンアテンダント', NULL, NULL, NULL, NULL, 'キャビンアテンダント', NULL, NULL, 'キャビンアテンダント', 'キャビンアテンダント', NULL, 'キャビンアテンダント', NULL, NULL, NULL, NULL, '1', NULL, NULL, NULL, NULL, NULL),
(47, 'キャビンアテンダント', NULL, 4, 3, 'キャビンアテンダント', 'キャビンアテンダント', 'キャビンアテンダント', 'キャビンアテンダント', 'キャビンアテンダント', 'キャビンアテンダント', NULL, NULL, NULL, NULL, 'キャビンアテンダント', NULL, NULL, 'キャビンアテンダント', 'キャビンアテンダント', NULL, 'キャビンアテンダント', NULL, NULL, NULL, NULL, '1', NULL, NULL, NULL, NULL, NULL),
(48, 'キャビンアテンダント', NULL, 2, 1, 'キャビンアテンダント', 'キャビンアテンダント', 'キャビンアテンダント', 'キャビンアテンダント', 'キャビンアテンダント', 'キャビンアテンダント', NULL, NULL, NULL, NULL, 'キャビンアテンダント', NULL, NULL, 'キャビンアテンダント', 'キャビンアテンダント', NULL, 'キャビンアテンダント', NULL, NULL, NULL, NULL, '1', NULL, NULL, NULL, NULL, NULL),
(49, 'キャビンアテンダント', NULL, 2, 5, 'キャビンアテンダント', 'キャビンアテンダント', 'キャビンアテンダント', 'キャビンアテンダント', 'キャビンアテンダント', 'キャビンアテンダント', NULL, NULL, NULL, NULL, 'キャビンアテンダント', NULL, NULL, 'キャビンアテンダント', 'キャビンアテンダント', NULL, 'キャビンアテンダント', NULL, NULL, NULL, NULL, '1', NULL, NULL, NULL, NULL, NULL),
(50, 'キャビンアテンダント', NULL, 5, 4, 'キャビンアテンダント', 'キャビンアテンダント', 'キャビンアテンダント', 'キャビンアテンダント', 'キャビンアテンダント', 'キャビンアテンダント', NULL, NULL, NULL, NULL, 'キャビンアテンダント', NULL, NULL, 'キャビンアテンダント', 'キャビンアテンダント', NULL, 'キャビンアテンダント', NULL, NULL, NULL, NULL, '1', NULL, NULL, NULL, NULL, NULL),
(51, 'キャビンアテンダント', NULL, 4, 2, 'キャビンアテンダント', 'キャビンアテンダント', 'キャビンアテンダント', 'キャビンアテンダント', 'キャビンアテンダント', 'キャビンアテンダント', NULL, NULL, NULL, NULL, 'キャビンアテンダント', NULL, NULL, 'キャビンアテンダント', 'キャビンアテンダント', NULL, 'キャビンアテンダント', NULL, NULL, NULL, NULL, '1', NULL, NULL, NULL, NULL, NULL),
(52, 'キャビンアテンダント', NULL, 4, 5, 'キャビンアテンダント', 'キャビンアテンダント', 'キャビンアテンダント', 'キャビンアテンダント', 'キャビンアテンダント', 'キャビンアテンダント', NULL, NULL, NULL, NULL, 'キャビンアテンダント', NULL, NULL, 'キャビンアテンダント', 'キャビンアテンダント', NULL, 'キャビンアテンダント', NULL, NULL, NULL, NULL, '1', NULL, NULL, NULL, NULL, NULL),
(53, 'キャビンアテンダント', NULL, 2, 3, 'キャビンアテンダント', 'キャビンアテンダント', 'キャビンアテンダント', 'キャビンアテンダント', 'キャビンアテンダント', 'キャビンアテンダント', NULL, NULL, NULL, NULL, 'キャビンアテンダント', NULL, NULL, 'キャビンアテンダント', 'キャビンアテンダント', NULL, 'キャビンアテンダント', NULL, NULL, NULL, NULL, '1', NULL, NULL, NULL, NULL, NULL),
(54, 'キャビンアテンダント', NULL, 2, 5, 'キャビンアテンダント', 'キャビンアテンダント', 'キャビンアテンダント', 'キャビンアテンダント', 'キャビンアテンダント', 'キャビンアテンダント', NULL, NULL, NULL, NULL, 'キャビンアテンダント', NULL, NULL, 'キャビンアテンダント', 'キャビンアテンダント', NULL, 'キャビンアテンダント', NULL, NULL, NULL, NULL, '1', NULL, NULL, NULL, NULL, NULL),
(55, 'キャビンアテンダント', NULL, 2, 4, 'キャビンアテンダント', 'キャビンアテンダント', 'キャビンアテンダント', 'キャビンアテンダント', 'キャビンアテンダント', 'キャビンアテンダント', NULL, NULL, NULL, NULL, 'キャビンアテンダント', NULL, NULL, 'キャビンアテンダント', 'キャビンアテンダント', NULL, 'キャビンアテンダント', NULL, NULL, NULL, NULL, '1', NULL, NULL, NULL, NULL, NULL),
(56, 'キャビンアテンダント', NULL, 4, 4, 'キャビンアテンダント', 'キャビンアテンダント', 'キャビンアテンダント', 'キャビンアテンダント', 'キャビンアテンダント', 'キャビンアテンダント', NULL, NULL, NULL, NULL, 'キャビンアテンダント', NULL, NULL, 'キャビンアテンダント', 'キャビンアテンダント', NULL, 'キャビンアテンダント', NULL, NULL, NULL, NULL, '1', NULL, NULL, NULL, NULL, NULL),
(57, 'キャビンアテンダント', NULL, 2, 5, 'キャビンアテンダント', 'キャビンアテンダント', 'キャビンアテンダント', 'キャビンアテンダント', 'キャビンアテンダント', 'キャビンアテンダント', NULL, NULL, NULL, NULL, 'キャビンアテンダント', NULL, NULL, 'キャビンアテンダント', 'キャビンアテンダント', NULL, 'キャビンアテンダント', NULL, NULL, NULL, NULL, '1', NULL, NULL, NULL, NULL, NULL),
(58, 'キャビンアテンダント', NULL, 5, 5, 'キャビンアテンダント', 'キャビンアテンダント', 'キャビンアテンダント', 'キャビンアテンダント', 'キャビンアテンダント', 'キャビンアテンダント', NULL, NULL, NULL, NULL, 'キャビンアテンダント', NULL, NULL, 'キャビンアテンダント', 'キャビンアテンダント', NULL, 'キャビンアテンダント', NULL, NULL, NULL, NULL, '1', NULL, NULL, NULL, NULL, NULL),
(59, 'キャビンアテンダント', NULL, 4, 2, 'キャビンアテンダント', 'キャビンアテンダント', 'キャビンアテンダント', 'キャビンアテンダント', 'キャビンアテンダント', 'キャビンアテンダント', NULL, NULL, NULL, NULL, 'キャビンアテンダント', NULL, NULL, 'キャビンアテンダント', 'キャビンアテンダント', NULL, 'キャビンアテンダント', NULL, NULL, NULL, NULL, '1', NULL, NULL, NULL, NULL, NULL),
(60, 'キャビンアテンダント', NULL, 4, 4, 'キャビンアテンダント', 'キャビンアテンダント', 'キャビンアテンダント', 'キャビンアテンダント', 'キャビンアテンダント', 'キャビンアテンダント', NULL, NULL, NULL, NULL, 'キャビンアテンダント', NULL, NULL, 'キャビンアテンダント', 'キャビンアテンダント', NULL, 'キャビンアテンダント', NULL, NULL, NULL, NULL, '1', NULL, NULL, NULL, NULL, NULL),
(61, 'キャビンアテンダント', NULL, 4, 2, 'キャビンアテンダント', 'キャビンアテンダント', 'キャビンアテンダント', 'キャビンアテンダント', 'キャビンアテンダント', 'キャビンアテンダント', NULL, NULL, NULL, NULL, 'キャビンアテンダント', NULL, NULL, 'キャビンアテンダント', 'キャビンアテンダント', NULL, 'キャビンアテンダント', NULL, NULL, NULL, NULL, '1', NULL, NULL, NULL, NULL, NULL),
(62, 'キャビンアテンダント', NULL, 3, 3, 'キャビンアテンダント', 'キャビンアテンダント', 'キャビンアテンダント', 'キャビンアテンダント', 'キャビンアテンダント', 'キャビンアテンダント', NULL, NULL, NULL, NULL, 'キャビンアテンダント', NULL, NULL, 'キャビンアテンダント', 'キャビンアテンダント', NULL, 'キャビンアテンダント', NULL, NULL, NULL, NULL, '1', NULL, NULL, NULL, NULL, NULL),
(63, 'キャビンアテンダント', NULL, 1, 4, 'キャビンアテンダント', 'キャビンアテンダント', 'キャビンアテンダント', 'キャビンアテンダント', 'キャビンアテンダント', 'キャビンアテンダント', NULL, NULL, NULL, NULL, 'キャビンアテンダント', NULL, NULL, 'キャビンアテンダント', 'キャビンアテンダント', NULL, 'キャビンアテンダント', NULL, NULL, NULL, NULL, '1', NULL, NULL, NULL, NULL, NULL),
(64, 'キャビンアテンダント', NULL, 1, 2, 'キャビンアテンダント', 'キャビンアテンダント', 'キャビンアテンダント', 'キャビンアテンダント', 'キャビンアテンダント', 'キャビンアテンダント', NULL, NULL, NULL, NULL, 'キャビンアテンダント', NULL, NULL, 'キャビンアテンダント', 'キャビンアテンダント', NULL, 'キャビンアテンダント', NULL, NULL, NULL, NULL, '1', NULL, NULL, NULL, NULL, NULL),
(65, 'キャビンアテンダント', NULL, 2, 4, 'キャビンアテンダント', 'キャビンアテンダント', 'キャビンアテンダント', 'キャビンアテンダント', 'キャビンアテンダント', 'キャビンアテンダント', NULL, NULL, NULL, NULL, 'キャビンアテンダント', NULL, NULL, 'キャビンアテンダント', 'キャビンアテンダント', NULL, 'キャビンアテンダント', NULL, NULL, NULL, NULL, '1', NULL, NULL, NULL, NULL, NULL),
(66, 'キャビンアテンダント', NULL, 1, 1, 'キャビンアテンダント', 'キャビンアテンダント', 'キャビンアテンダント', 'キャビンアテンダント', 'キャビンアテンダント', 'キャビンアテンダント', NULL, NULL, NULL, NULL, 'キャビンアテンダント', NULL, NULL, 'キャビンアテンダント', 'キャビンアテンダント', NULL, 'キャビンアテンダント', NULL, NULL, NULL, NULL, '1', NULL, NULL, NULL, NULL, NULL),
(67, 'キャビンアテンダント', NULL, 3, 5, 'キャビンアテンダント', 'キャビンアテンダント', 'キャビンアテンダント', 'キャビンアテンダント', 'キャビンアテンダント', 'キャビンアテンダント', NULL, NULL, NULL, NULL, 'キャビンアテンダント', NULL, NULL, 'キャビンアテンダント', 'キャビンアテンダント', NULL, 'キャビンアテンダント', NULL, NULL, NULL, NULL, '1', NULL, NULL, NULL, NULL, NULL),
(68, 'キャビンアテンダント', NULL, 4, 2, 'キャビンアテンダント', 'キャビンアテンダント', 'キャビンアテンダント', 'キャビンアテンダント', 'キャビンアテンダント', 'キャビンアテンダント', NULL, NULL, NULL, NULL, 'キャビンアテンダント', NULL, NULL, 'キャビンアテンダント', 'キャビンアテンダント', NULL, 'キャビンアテンダント', NULL, NULL, NULL, NULL, '1', NULL, NULL, NULL, NULL, NULL),
(69, 'キャビンアテンダント', NULL, 2, 1, 'キャビンアテンダント', 'キャビンアテンダント', 'キャビンアテンダント', 'キャビンアテンダント', 'キャビンアテンダント', 'キャビンアテンダント', NULL, NULL, NULL, NULL, 'キャビンアテンダント', NULL, NULL, 'キャビンアテンダント', 'キャビンアテンダント', NULL, 'キャビンアテンダント', NULL, NULL, NULL, NULL, '1', NULL, NULL, NULL, NULL, NULL),
(70, 'キャビンアテンダント', NULL, 5, 2, 'キャビンアテンダント', 'キャビンアテンダント', 'キャビンアテンダント', 'キャビンアテンダント', 'キャビンアテンダント', 'キャビンアテンダント', NULL, NULL, NULL, NULL, 'キャビンアテンダント', NULL, NULL, 'キャビンアテンダント', 'キャビンアテンダント', NULL, 'キャビンアテンダント', NULL, NULL, NULL, NULL, '1', NULL, NULL, NULL, NULL, NULL),
(71, 'キャビンアテンダント', NULL, 2, 5, 'キャビンアテンダント', 'キャビンアテンダント', 'キャビンアテンダント', 'キャビンアテンダント', 'キャビンアテンダント', 'キャビンアテンダント', NULL, NULL, NULL, NULL, 'キャビンアテンダント', NULL, NULL, 'キャビンアテンダント', 'キャビンアテンダント', NULL, 'キャビンアテンダント', NULL, NULL, NULL, NULL, '1', NULL, NULL, NULL, NULL, NULL),
(72, 'キャビンアテンダント', NULL, 3, 3, 'キャビンアテンダント', 'キャビンアテンダント', 'キャビンアテンダント', 'キャビンアテンダント', 'キャビンアテンダント', 'キャビンアテンダント', NULL, NULL, NULL, NULL, 'キャビンアテンダント', NULL, NULL, 'キャビンアテンダント', 'キャビンアテンダント', NULL, 'キャビンアテンダント', NULL, NULL, NULL, NULL, '1', NULL, NULL, NULL, NULL, NULL),
(73, 'キャビンアテンダント', NULL, 4, 1, 'キャビンアテンダント', 'キャビンアテンダント', 'キャビンアテンダント', 'キャビンアテンダント', 'キャビンアテンダント', 'キャビンアテンダント', NULL, NULL, NULL, NULL, 'キャビンアテンダント', NULL, NULL, 'キャビンアテンダント', 'キャビンアテンダント', NULL, 'キャビンアテンダント', NULL, NULL, NULL, NULL, '1', NULL, NULL, NULL, NULL, NULL),
(74, 'キャビンアテンダント', NULL, 4, 4, 'キャビンアテンダント', 'キャビンアテンダント', 'キャビンアテンダント', 'キャビンアテンダント', 'キャビンアテンダント', 'キャビンアテンダント', NULL, NULL, NULL, NULL, 'キャビンアテンダント', NULL, NULL, 'キャビンアテンダント', 'キャビンアテンダント', NULL, 'キャビンアテンダント', NULL, NULL, NULL, NULL, '1', NULL, NULL, NULL, NULL, NULL),
(75, 'キャビンアテンダント', NULL, 1, 2, 'キャビンアテンダント', 'キャビンアテンダント', 'キャビンアテンダント', 'キャビンアテンダント', 'キャビンアテンダント', 'キャビンアテンダント', NULL, NULL, NULL, NULL, 'キャビンアテンダント', NULL, NULL, 'キャビンアテンダント', 'キャビンアテンダント', NULL, 'キャビンアテンダント', NULL, NULL, NULL, NULL, '1', NULL, NULL, NULL, NULL, NULL),
(76, 'キャビンアテンダント', NULL, 4, 1, 'キャビンアテンダント', 'キャビンアテンダント', 'キャビンアテンダント', 'キャビンアテンダント', 'キャビンアテンダント', 'キャビンアテンダント', NULL, NULL, NULL, NULL, 'キャビンアテンダント', NULL, NULL, 'キャビンアテンダント', 'キャビンアテンダント', NULL, 'キャビンアテンダント', NULL, NULL, NULL, NULL, '1', NULL, NULL, NULL, NULL, NULL),
(77, 'キャビンアテンダント', NULL, 1, 5, 'キャビンアテンダント', 'キャビンアテンダント', 'キャビンアテンダント', 'キャビンアテンダント', 'キャビンアテンダント', 'キャビンアテンダント', NULL, NULL, NULL, NULL, 'キャビンアテンダント', NULL, NULL, 'キャビンアテンダント', 'キャビンアテンダント', NULL, 'キャビンアテンダント', NULL, NULL, NULL, NULL, '1', NULL, NULL, NULL, NULL, NULL),
(78, 'キャビンアテンダント', NULL, 3, 2, 'キャビンアテンダント', 'キャビンアテンダント', 'キャビンアテンダント', 'キャビンアテンダント', 'キャビンアテンダント', 'キャビンアテンダント', NULL, NULL, NULL, NULL, 'キャビンアテンダント', NULL, NULL, 'キャビンアテンダント', 'キャビンアテンダント', NULL, 'キャビンアテンダント', NULL, NULL, NULL, NULL, '1', NULL, NULL, NULL, NULL, NULL),
(79, 'キャビンアテンダント', NULL, 1, 5, 'キャビンアテンダント', 'キャビンアテンダント', 'キャビンアテンダント', 'キャビンアテンダント', 'キャビンアテンダント', 'キャビンアテンダント', NULL, NULL, NULL, NULL, 'キャビンアテンダント', NULL, NULL, 'キャビンアテンダント', 'キャビンアテンダント', NULL, 'キャビンアテンダント', NULL, NULL, NULL, NULL, '1', NULL, NULL, NULL, NULL, NULL),
(80, 'キャビンアテンダント', NULL, 5, 4, 'キャビンアテンダント', 'キャビンアテンダント', 'キャビンアテンダント', 'キャビンアテンダント', 'キャビンアテンダント', 'キャビンアテンダント', NULL, NULL, NULL, NULL, 'キャビンアテンダント', NULL, NULL, 'キャビンアテンダント', 'キャビンアテンダント', NULL, 'キャビンアテンダント', NULL, NULL, NULL, NULL, '1', NULL, NULL, NULL, NULL, NULL),
(81, 'キャビンアテンダント', NULL, 1, 5, 'キャビンアテンダント', 'キャビンアテンダント', 'キャビンアテンダント', 'キャビンアテンダント', 'キャビンアテンダント', 'キャビンアテンダント', NULL, NULL, NULL, NULL, 'キャビンアテンダント', NULL, NULL, 'キャビンアテンダント', 'キャビンアテンダント', NULL, 'キャビンアテンダント', NULL, NULL, NULL, NULL, '1', NULL, NULL, NULL, NULL, NULL),
(82, 'キャビンアテンダント', NULL, 1, 4, 'キャビンアテンダント', 'キャビンアテンダント', 'キャビンアテンダント', 'キャビンアテンダント', 'キャビンアテンダント', 'キャビンアテンダント', NULL, NULL, NULL, NULL, 'キャビンアテンダント', NULL, NULL, 'キャビンアテンダント', 'キャビンアテンダント', NULL, 'キャビンアテンダント', NULL, NULL, NULL, NULL, '1', NULL, NULL, NULL, NULL, NULL),
(83, 'キャビンアテンダント', NULL, 3, 1, 'キャビンアテンダント', 'キャビンアテンダント', 'キャビンアテンダント', 'キャビンアテンダント', 'キャビンアテンダント', 'キャビンアテンダント', NULL, NULL, NULL, NULL, 'キャビンアテンダント', NULL, NULL, 'キャビンアテンダント', 'キャビンアテンダント', NULL, 'キャビンアテンダント', NULL, NULL, NULL, NULL, '1', NULL, NULL, NULL, NULL, NULL),
(84, 'キャビンアテンダント', NULL, 5, 1, 'キャビンアテンダント', 'キャビンアテンダント', 'キャビンアテンダント', 'キャビンアテンダント', 'キャビンアテンダント', 'キャビンアテンダント', NULL, NULL, NULL, NULL, 'キャビンアテンダント', NULL, NULL, 'キャビンアテンダント', 'キャビンアテンダント', NULL, 'キャビンアテンダント', NULL, NULL, NULL, NULL, '1', NULL, NULL, NULL, NULL, NULL),
(85, 'キャビンアテンダント', NULL, 3, 1, 'キャビンアテンダント', 'キャビンアテンダント', 'キャビンアテンダント', 'キャビンアテンダント', 'キャビンアテンダント', 'キャビンアテンダント', NULL, NULL, NULL, NULL, 'キャビンアテンダント', NULL, NULL, 'キャビンアテンダント', 'キャビンアテンダント', NULL, 'キャビンアテンダント', NULL, NULL, NULL, NULL, '1', NULL, NULL, NULL, NULL, NULL),
(86, 'キャビンアテンダント', NULL, 3, 4, 'キャビンアテンダント', 'キャビンアテンダント', 'キャビンアテンダント', 'キャビンアテンダント', 'キャビンアテンダント', 'キャビンアテンダント', NULL, NULL, NULL, NULL, 'キャビンアテンダント', NULL, NULL, 'キャビンアテンダント', 'キャビンアテンダント', NULL, 'キャビンアテンダント', NULL, NULL, NULL, NULL, '1', NULL, NULL, NULL, NULL, NULL),
(87, 'キャビンアテンダント', NULL, 5, 3, 'キャビンアテンダント', 'キャビンアテンダント', 'キャビンアテンダント', 'キャビンアテンダント', 'キャビンアテンダント', 'キャビンアテンダント', NULL, NULL, NULL, NULL, 'キャビンアテンダント', NULL, NULL, 'キャビンアテンダント', 'キャビンアテンダント', NULL, 'キャビンアテンダント', NULL, NULL, NULL, NULL, '1', NULL, NULL, NULL, NULL, NULL),
(88, 'キャビンアテンダント', NULL, 5, 2, 'キャビンアテンダント', 'キャビンアテンダント', 'キャビンアテンダント', 'キャビンアテンダント', 'キャビンアテンダント', 'キャビンアテンダント', NULL, NULL, NULL, NULL, 'キャビンアテンダント', NULL, NULL, 'キャビンアテンダント', 'キャビンアテンダント', NULL, 'キャビンアテンダント', NULL, NULL, NULL, NULL, '1', NULL, NULL, NULL, NULL, NULL),
(89, 'キャビンアテンダント', NULL, 2, 4, 'キャビンアテンダント', 'キャビンアテンダント', 'キャビンアテンダント', 'キャビンアテンダント', 'キャビンアテンダント', 'キャビンアテンダント', NULL, NULL, NULL, NULL, 'キャビンアテンダント', NULL, NULL, 'キャビンアテンダント', 'キャビンアテンダント', NULL, 'キャビンアテンダント', NULL, NULL, NULL, NULL, '1', NULL, NULL, NULL, NULL, NULL),
(90, 'キャビンアテンダント', NULL, 5, 1, 'キャビンアテンダント', 'キャビンアテンダント', 'キャビンアテンダント', 'キャビンアテンダント', 'キャビンアテンダント', 'キャビンアテンダント', NULL, NULL, NULL, NULL, 'キャビンアテンダント', NULL, NULL, 'キャビンアテンダント', 'キャビンアテンダント', NULL, 'キャビンアテンダント', NULL, NULL, NULL, NULL, '1', NULL, NULL, NULL, NULL, NULL),
(91, 'キャビンアテンダント', NULL, 2, 1, 'キャビンアテンダント', 'キャビンアテンダント', 'キャビンアテンダント', 'キャビンアテンダント', 'キャビンアテンダント', 'キャビンアテンダント', NULL, NULL, NULL, NULL, 'キャビンアテンダント', NULL, NULL, 'キャビンアテンダント', 'キャビンアテンダント', NULL, 'キャビンアテンダント', NULL, NULL, NULL, NULL, '1', NULL, NULL, NULL, NULL, NULL),
(92, 'キャビンアテンダント', NULL, 2, 1, 'キャビンアテンダント', 'キャビンアテンダント', 'キャビンアテンダント', 'キャビンアテンダント', 'キャビンアテンダント', 'キャビンアテンダント', NULL, NULL, NULL, NULL, 'キャビンアテンダント', NULL, NULL, 'キャビンアテンダント', 'キャビンアテンダント', NULL, 'キャビンアテンダント', NULL, NULL, NULL, NULL, '1', NULL, NULL, NULL, NULL, NULL),
(93, 'キャビンアテンダント', NULL, 3, 4, 'キャビンアテンダント', 'キャビンアテンダント', 'キャビンアテンダント', 'キャビンアテンダント', 'キャビンアテンダント', 'キャビンアテンダント', NULL, NULL, NULL, NULL, 'キャビンアテンダント', NULL, NULL, 'キャビンアテンダント', 'キャビンアテンダント', NULL, 'キャビンアテンダント', NULL, NULL, NULL, NULL, '1', NULL, NULL, NULL, NULL, NULL),
(94, 'キャビンアテンダント', NULL, 3, 1, 'キャビンアテンダント', 'キャビンアテンダント', 'キャビンアテンダント', 'キャビンアテンダント', 'キャビンアテンダント', 'キャビンアテンダント', NULL, NULL, NULL, NULL, 'キャビンアテンダント', NULL, NULL, 'キャビンアテンダント', 'キャビンアテンダント', NULL, 'キャビンアテンダント', NULL, NULL, NULL, NULL, '1', NULL, NULL, NULL, NULL, NULL),
(95, 'キャビンアテンダント', NULL, 2, 1, 'キャビンアテンダント', 'キャビンアテンダント', 'キャビンアテンダント', 'キャビンアテンダント', 'キャビンアテンダント', 'キャビンアテンダント', NULL, NULL, NULL, NULL, 'キャビンアテンダント', NULL, NULL, 'キャビンアテンダント', 'キャビンアテンダント', NULL, 'キャビンアテンダント', NULL, NULL, NULL, NULL, '1', NULL, NULL, NULL, NULL, NULL),
(96, 'キャビンアテンダント', NULL, 4, 4, 'キャビンアテンダント', 'キャビンアテンダント', 'キャビンアテンダント', 'キャビンアテンダント', 'キャビンアテンダント', 'キャビンアテンダント', NULL, NULL, NULL, NULL, 'キャビンアテンダント', NULL, NULL, 'キャビンアテンダント', 'キャビンアテンダント', NULL, 'キャビンアテンダント', NULL, NULL, NULL, NULL, '1', NULL, NULL, NULL, NULL, NULL),
(97, 'キャビンアテンダント', NULL, 2, 2, 'キャビンアテンダント', 'キャビンアテンダント', 'キャビンアテンダント', 'キャビンアテンダント', 'キャビンアテンダント', 'キャビンアテンダント', NULL, NULL, NULL, NULL, 'キャビンアテンダント', NULL, NULL, 'キャビンアテンダント', 'キャビンアテンダント', NULL, 'キャビンアテンダント', NULL, NULL, NULL, NULL, '1', NULL, NULL, NULL, NULL, NULL),
(98, 'キャビンアテンダント', NULL, 1, 3, 'キャビンアテンダント', 'キャビンアテンダント', 'キャビンアテンダント', 'キャビンアテンダント', 'キャビンアテンダント', 'キャビンアテンダント', NULL, NULL, NULL, NULL, 'キャビンアテンダント', NULL, NULL, 'キャビンアテンダント', 'キャビンアテンダント', NULL, 'キャビンアテンダント', NULL, NULL, NULL, NULL, '1', NULL, NULL, NULL, NULL, NULL),
(99, 'キャビンアテンダント', NULL, 1, 1, 'キャビンアテンダント', 'キャビンアテンダント', 'キャビンアテンダント', 'キャビンアテンダント', 'キャビンアテンダント', 'キャビンアテンダント', NULL, NULL, NULL, NULL, 'キャビンアテンダント', NULL, NULL, 'キャビンアテンダント', 'キャビンアテンダント', NULL, 'キャビンアテンダント', NULL, NULL, NULL, NULL, '1', NULL, NULL, NULL, NULL, NULL),
(100, 'キャビンアテンダント', NULL, 4, 5, 'キャビンアテンダント', 'キャビンアテンダント', 'キャビンアテンダント', 'キャビンアテンダント', 'キャビンアテンダント', 'キャビンアテンダント', NULL, NULL, NULL, NULL, 'キャビンアテンダント', NULL, NULL, 'キャビンアテンダント', 'キャビンアテンダント', NULL, 'キャビンアテンダント', NULL, NULL, NULL, NULL, '1', NULL, NULL, NULL, NULL, NULL),
(101, 'キャビンアテンダント', NULL, 2, 5, 'キャビンアテンダント', 'キャビンアテンダント', 'キャビンアテンダント', 'キャビンアテンダント', 'キャビンアテンダント', 'キャビンアテンダント', NULL, NULL, NULL, NULL, 'キャビンアテンダント', NULL, NULL, 'キャビンアテンダント', 'キャビンアテンダント', NULL, 'キャビンアテンダント', NULL, NULL, NULL, NULL, '1', NULL, NULL, NULL, NULL, NULL),
(102, 'キャビンアテンダント', NULL, 4, 4, 'キャビンアテンダント', 'キャビンアテンダント', 'キャビンアテンダント', 'キャビンアテンダント', 'キャビンアテンダント', 'キャビンアテンダント', NULL, NULL, NULL, NULL, 'キャビンアテンダント', NULL, NULL, 'キャビンアテンダント', 'キャビンアテンダント', NULL, 'キャビンアテンダント', NULL, NULL, NULL, NULL, '1', NULL, NULL, NULL, NULL, NULL),
(103, 'キャビンアテンダント', NULL, 4, 1, 'キャビンアテンダント', 'キャビンアテンダント', 'キャビンアテンダント', 'キャビンアテンダント', 'キャビンアテンダント', 'キャビンアテンダント', NULL, NULL, NULL, NULL, 'キャビンアテンダント', NULL, NULL, 'キャビンアテンダント', 'キャビンアテンダント', NULL, 'キャビンアテンダント', NULL, NULL, NULL, NULL, '1', NULL, NULL, NULL, NULL, NULL),
(104, 'キャビンアテンダント', NULL, 4, 4, 'キャビンアテンダント', 'キャビンアテンダント', 'キャビンアテンダント', 'キャビンアテンダント', 'キャビンアテンダント', 'キャビンアテンダント', NULL, NULL, NULL, NULL, 'キャビンアテンダント', NULL, NULL, 'キャビンアテンダント', 'キャビンアテンダント', NULL, 'キャビンアテンダント', NULL, NULL, NULL, NULL, '1', NULL, NULL, NULL, NULL, NULL),
(105, 'キャビンアテンダント', NULL, 4, 2, 'キャビンアテンダント', 'キャビンアテンダント', 'キャビンアテンダント', 'キャビンアテンダント', 'キャビンアテンダント', 'キャビンアテンダント', NULL, NULL, NULL, NULL, 'キャビンアテンダント', NULL, NULL, 'キャビンアテンダント', 'キャビンアテンダント', NULL, 'キャビンアテンダント', NULL, NULL, NULL, NULL, '1', NULL, NULL, NULL, NULL, NULL),
(106, 'キャビンアテンダント', NULL, 5, 5, 'キャビンアテンダント', 'キャビンアテンダント', 'キャビンアテンダント', 'キャビンアテンダント', 'キャビンアテンダント', 'キャビンアテンダント', NULL, NULL, NULL, NULL, 'キャビンアテンダント', NULL, NULL, 'キャビンアテンダント', 'キャビンアテンダント', NULL, 'キャビンアテンダント', NULL, NULL, NULL, NULL, '1', NULL, NULL, NULL, NULL, NULL);

INSERT INTO `jobs_basic_abilities` (`id`, `job_id`, `basic_ability_id`, `created_at`, `updated_at`) VALUES
(1, 1, 1, NULL, NULL),
(2, 2, 2, NULL, NULL),
(3, 3, 3, NULL, NULL),
(4, 4, 4, NULL, NULL),
(5, 5, 5, NULL, NULL),
(6, 35, 70, NULL, NULL),
(7, 93, 100, NULL, NULL),
(8, 46, 52, NULL, NULL),
(9, 51, 20, NULL, NULL),
(10, 1, 38, NULL, NULL),
(11, 39, 53, NULL, NULL),
(12, 100, 22, NULL, NULL),
(13, 86, 97, NULL, NULL),
(14, 91, 43, NULL, NULL),
(15, 48, 49, NULL, NULL),
(16, 99, 80, NULL, NULL),
(17, 63, 15, NULL, NULL),
(18, 84, 94, NULL, NULL),
(19, 60, 54, NULL, NULL),
(20, 19, 90, NULL, NULL),
(21, 93, 36, NULL, NULL),
(22, 45, 1, NULL, NULL),
(23, 72, 14, NULL, NULL),
(24, 62, 77, NULL, NULL),
(25, 60, 63, NULL, NULL),
(26, 67, 79, NULL, NULL),
(27, 84, 86, NULL, NULL),
(28, 64, 33, NULL, NULL),
(29, 28, 14, NULL, NULL),
(30, 10, 12, NULL, NULL),
(31, 70, 30, NULL, NULL),
(32, 82, 4, NULL, NULL),
(33, 8, 46, NULL, NULL),
(34, 22, 85, NULL, NULL),
(35, 49, 66, NULL, NULL),
(36, 55, 6, NULL, NULL),
(37, 16, 51, NULL, NULL),
(38, 51, 76, NULL, NULL),
(39, 41, 89, NULL, NULL),
(40, 89, 30, NULL, NULL),
(41, 10, 80, NULL, NULL),
(42, 61, 39, NULL, NULL),
(43, 81, 18, NULL, NULL),
(44, 37, 70, NULL, NULL),
(45, 69, 17, NULL, NULL),
(46, 43, 11, NULL, NULL),
(47, 38, 20, NULL, NULL),
(48, 2, 9, NULL, NULL),
(49, 72, 77, NULL, NULL),
(50, 99, 56, NULL, NULL),
(51, 61, 86, NULL, NULL),
(52, 16, 12, NULL, NULL),
(53, 100, 22, NULL, NULL),
(54, 86, 23, NULL, NULL),
(55, 81, 90, NULL, NULL),
(56, 95, 23, NULL, NULL),
(57, 32, 29, NULL, NULL),
(58, 65, 91, NULL, NULL),
(59, 45, 56, NULL, NULL),
(60, 99, 24, NULL, NULL),
(61, 71, 89, NULL, NULL),
(62, 88, 24, NULL, NULL),
(63, 100, 88, NULL, NULL),
(64, 40, 40, NULL, NULL),
(65, 5, 21, NULL, NULL),
(66, 39, 96, NULL, NULL),
(67, 69, 8, NULL, NULL),
(68, 80, 82, NULL, NULL),
(69, 39, 72, NULL, NULL),
(70, 6, 96, NULL, NULL),
(71, 12, 99, NULL, NULL),
(72, 73, 35, NULL, NULL),
(73, 2, 59, NULL, NULL),
(74, 74, 69, NULL, NULL),
(75, 76, 62, NULL, NULL),
(76, 31, 20, NULL, NULL),
(77, 54, 43, NULL, NULL),
(78, 10, 11, NULL, NULL),
(79, 78, 88, NULL, NULL),
(80, 27, 98, NULL, NULL),
(81, 79, 40, NULL, NULL),
(82, 58, 4, NULL, NULL),
(83, 57, 87, NULL, NULL),
(84, 51, 64, NULL, NULL),
(85, 16, 84, NULL, NULL),
(86, 32, 54, NULL, NULL),
(87, 92, 91, NULL, NULL),
(88, 16, 58, NULL, NULL),
(89, 16, 12, NULL, NULL),
(90, 57, 72, NULL, NULL),
(91, 28, 60, NULL, NULL),
(92, 89, 89, NULL, NULL),
(93, 22, 15, NULL, NULL),
(94, 80, 5, NULL, NULL),
(95, 75, 18, NULL, NULL),
(96, 68, 14, NULL, NULL),
(97, 13, 12, NULL, NULL),
(98, 1, 35, NULL, NULL),
(99, 100, 34, NULL, NULL),
(100, 99, 68, NULL, NULL),
(101, 25, 11, NULL, NULL),
(102, 53, 49, NULL, NULL),
(103, 45, 49, NULL, NULL),
(104, 3, 3, NULL, NULL),
(105, 31, 64, NULL, NULL),
(106, 20, 91, NULL, NULL);

INSERT INTO `jobs_career_paths` (`id`, `job_id`, `affiliate_id`, `created_at`, `updated_at`) VALUES
(1, 1, 1, NULL, NULL),
(2, 2, 2, NULL, NULL),
(3, 3, 3, NULL, NULL),
(4, 4, 4, NULL, NULL),
(5, 5, 5, NULL, NULL),
(6, 27, 12, NULL, NULL),
(7, 37, 8, NULL, NULL),
(8, 78, 9, NULL, NULL),
(9, 41, 12, NULL, NULL),
(10, 54, 11, NULL, NULL),
(11, 40, 4, NULL, NULL),
(12, 75, 12, NULL, NULL),
(13, 5, 4, NULL, NULL),
(14, 12, 12, NULL, NULL),
(15, 71, 2, NULL, NULL),
(16, 8, 9, NULL, NULL),
(17, 55, 10, NULL, NULL),
(18, 73, 9, NULL, NULL),
(19, 20, 1, NULL, NULL),
(20, 59, 11, NULL, NULL),
(21, 62, 8, NULL, NULL),
(22, 45, 10, NULL, NULL),
(23, 65, 2, NULL, NULL),
(24, 72, 3, NULL, NULL),
(25, 78, 5, NULL, NULL),
(26, 92, 8, NULL, NULL),
(27, 29, 12, NULL, NULL),
(28, 77, 1, NULL, NULL),
(29, 6, 5, NULL, NULL),
(30, 76, 5, NULL, NULL),
(31, 14, 3, NULL, NULL),
(32, 66, 9, NULL, NULL),
(33, 51, 8, NULL, NULL),
(34, 17, 7, NULL, NULL),
(35, 5, 4, NULL, NULL),
(36, 44, 4, NULL, NULL),
(37, 37, 1, NULL, NULL),
(38, 50, 11, NULL, NULL),
(39, 11, 10, NULL, NULL),
(40, 49, 12, NULL, NULL),
(41, 33, 2, NULL, NULL),
(42, 41, 1, NULL, NULL),
(43, 83, 7, NULL, NULL),
(44, 92, 4, NULL, NULL),
(45, 33, 4, NULL, NULL),
(46, 82, 6, NULL, NULL),
(47, 67, 12, NULL, NULL),
(48, 42, 4, NULL, NULL),
(49, 34, 4, NULL, NULL),
(50, 79, 3, NULL, NULL),
(51, 15, 4, NULL, NULL),
(52, 6, 3, NULL, NULL),
(53, 30, 9, NULL, NULL),
(54, 24, 12, NULL, NULL),
(55, 78, 2, NULL, NULL),
(56, 10, 5, NULL, NULL),
(57, 15, 11, NULL, NULL),
(58, 64, 8, NULL, NULL),
(59, 30, 9, NULL, NULL),
(60, 69, 11, NULL, NULL),
(61, 89, 11, NULL, NULL),
(62, 26, 9, NULL, NULL),
(63, 69, 1, NULL, NULL),
(64, 56, 7, NULL, NULL),
(65, 45, 7, NULL, NULL),
(66, 52, 9, NULL, NULL),
(67, 8, 5, NULL, NULL),
(68, 18, 12, NULL, NULL),
(69, 84, 7, NULL, NULL),
(70, 32, 9, NULL, NULL),
(71, 94, 5, NULL, NULL),
(72, 84, 11, NULL, NULL),
(73, 1, 12, NULL, NULL),
(74, 26, 12, NULL, NULL),
(75, 18, 2, NULL, NULL),
(76, 51, 4, NULL, NULL),
(77, 54, 12, NULL, NULL),
(78, 100, 6, NULL, NULL),
(79, 22, 1, NULL, NULL),
(80, 70, 4, NULL, NULL),
(81, 76, 4, NULL, NULL),
(82, 92, 7, NULL, NULL),
(83, 75, 10, NULL, NULL),
(84, 83, 2, NULL, NULL),
(85, 64, 8, NULL, NULL),
(86, 23, 1, NULL, NULL),
(87, 24, 3, NULL, NULL),
(88, 1, 3, NULL, NULL),
(89, 71, 9, NULL, NULL),
(90, 34, 8, NULL, NULL),
(91, 27, 9, NULL, NULL),
(92, 7, 12, NULL, NULL),
(93, 57, 10, NULL, NULL),
(94, 7, 1, NULL, NULL),
(95, 64, 6, NULL, NULL),
(96, 95, 12, NULL, NULL),
(97, 77, 8, NULL, NULL),
(98, 85, 9, NULL, NULL),
(99, 15, 10, NULL, NULL),
(100, 36, 2, NULL, NULL),
(101, 1, 8, NULL, NULL),
(102, 99, 11, NULL, NULL),
(103, 3, 10, NULL, NULL),
(104, 54, 1, NULL, NULL),
(105, 88, 7, NULL, NULL),
(106, 19, 8, NULL, NULL);

INSERT INTO `jobs_personalities` (`id`, `job_id`, `personality_id`, `created_at`, `updated_at`) VALUES
(1, 1, 1, NULL, NULL),
(2, 2, 2, NULL, NULL),
(3, 3, 3, NULL, NULL),
(4, 4, 4, NULL, NULL),
(5, 5, 5, NULL, NULL),
(6, 58, 16, NULL, NULL),
(7, 54, 95, NULL, NULL),
(8, 27, 48, NULL, NULL),
(9, 56, 82, NULL, NULL),
(10, 88, 81, NULL, NULL),
(11, 77, 94, NULL, NULL),
(12, 51, 82, NULL, NULL),
(13, 77, 35, NULL, NULL),
(14, 64, 60, NULL, NULL),
(15, 89, 4, NULL, NULL),
(16, 83, 30, NULL, NULL),
(17, 12, 51, NULL, NULL),
(18, 12, 61, NULL, NULL),
(19, 44, 60, NULL, NULL),
(20, 74, 74, NULL, NULL),
(21, 19, 10, NULL, NULL),
(22, 37, 4, NULL, NULL),
(23, 33, 79, NULL, NULL),
(24, 15, 82, NULL, NULL),
(25, 62, 50, NULL, NULL),
(26, 11, 94, NULL, NULL),
(27, 11, 77, NULL, NULL),
(28, 93, 86, NULL, NULL),
(29, 49, 92, NULL, NULL),
(30, 95, 30, NULL, NULL),
(31, 85, 18, NULL, NULL),
(32, 56, 59, NULL, NULL),
(33, 16, 51, NULL, NULL),
(34, 75, 73, NULL, NULL),
(35, 16, 19, NULL, NULL),
(36, 39, 11, NULL, NULL),
(37, 66, 3, NULL, NULL),
(38, 62, 81, NULL, NULL),
(39, 15, 54, NULL, NULL),
(40, 70, 58, NULL, NULL),
(41, 45, 86, NULL, NULL),
(42, 20, 65, NULL, NULL),
(43, 55, 51, NULL, NULL),
(44, 88, 93, NULL, NULL),
(45, 77, 53, NULL, NULL),
(46, 69, 38, NULL, NULL),
(47, 12, 95, NULL, NULL),
(48, 29, 84, NULL, NULL),
(49, 79, 14, NULL, NULL),
(50, 50, 15, NULL, NULL),
(51, 89, 12, NULL, NULL),
(52, 7, 90, NULL, NULL),
(53, 30, 75, NULL, NULL),
(54, 90, 54, NULL, NULL),
(55, 68, 19, NULL, NULL),
(56, 86, 68, NULL, NULL),
(57, 47, 90, NULL, NULL),
(58, 76, 38, NULL, NULL),
(59, 32, 8, NULL, NULL),
(60, 62, 64, NULL, NULL),
(61, 77, 36, NULL, NULL),
(62, 65, 30, NULL, NULL),
(63, 97, 61, NULL, NULL),
(64, 22, 66, NULL, NULL),
(65, 43, 8, NULL, NULL),
(66, 57, 10, NULL, NULL),
(67, 29, 20, NULL, NULL),
(68, 96, 75, NULL, NULL),
(69, 29, 58, NULL, NULL),
(70, 23, 62, NULL, NULL),
(71, 85, 47, NULL, NULL),
(72, 12, 89, NULL, NULL),
(73, 35, 52, NULL, NULL),
(74, 92, 27, NULL, NULL),
(75, 11, 93, NULL, NULL),
(76, 42, 15, NULL, NULL),
(77, 71, 63, NULL, NULL),
(78, 72, 34, NULL, NULL),
(79, 94, 12, NULL, NULL),
(80, 66, 20, NULL, NULL),
(81, 69, 45, NULL, NULL),
(82, 69, 93, NULL, NULL),
(83, 84, 33, NULL, NULL),
(84, 12, 96, NULL, NULL),
(85, 22, 1, NULL, NULL),
(86, 86, 58, NULL, NULL),
(87, 98, 60, NULL, NULL),
(88, 73, 41, NULL, NULL),
(89, 51, 28, NULL, NULL),
(90, 93, 61, NULL, NULL),
(91, 97, 77, NULL, NULL),
(92, 81, 35, NULL, NULL),
(93, 14, 47, NULL, NULL),
(94, 29, 36, NULL, NULL),
(95, 80, 57, NULL, NULL),
(96, 88, 67, NULL, NULL),
(97, 19, 47, NULL, NULL),
(98, 22, 44, NULL, NULL),
(99, 70, 76, NULL, NULL),
(100, 94, 4, NULL, NULL),
(101, 98, 30, NULL, NULL),
(102, 23, 66, NULL, NULL),
(103, 39, 19, NULL, NULL),
(104, 56, 33, NULL, NULL),
(105, 80, 80, NULL, NULL),
(106, 84, 52, NULL, NULL);

INSERT INTO `jobs_practical_skills` (`id`, `job_id`, `practical_skill_id`, `created_at`, `updated_at`) VALUES
(1, 1, 1, NULL, NULL),
(2, 2, 2, NULL, NULL),
(3, 3, 3, NULL, NULL),
(4, 4, 4, NULL, NULL),
(5, 5, 5, NULL, NULL),
(6, 15, 20, NULL, NULL),
(7, 16, 2, NULL, NULL),
(8, 61, 40, NULL, NULL),
(9, 76, 18, NULL, NULL),
(10, 88, 35, NULL, NULL),
(11, 82, 25, NULL, NULL),
(12, 58, 90, NULL, NULL),
(13, 85, 32, NULL, NULL),
(14, 97, 46, NULL, NULL),
(15, 68, 4, NULL, NULL),
(16, 7, 10, NULL, NULL),
(17, 47, 91, NULL, NULL),
(18, 80, 92, NULL, NULL),
(19, 99, 70, NULL, NULL),
(20, 14, 60, NULL, NULL),
(21, 93, 55, NULL, NULL),
(22, 68, 35, NULL, NULL),
(23, 41, 59, NULL, NULL),
(24, 77, 98, NULL, NULL),
(25, 16, 70, NULL, NULL),
(26, 2, 93, NULL, NULL),
(27, 25, 27, NULL, NULL),
(28, 6, 84, NULL, NULL),
(29, 30, 98, NULL, NULL),
(30, 53, 29, NULL, NULL),
(31, 50, 15, NULL, NULL),
(32, 73, 51, NULL, NULL),
(33, 95, 90, NULL, NULL),
(34, 60, 35, NULL, NULL),
(35, 15, 88, NULL, NULL),
(36, 95, 81, NULL, NULL),
(37, 38, 61, NULL, NULL),
(38, 53, 57, NULL, NULL),
(39, 38, 93, NULL, NULL),
(40, 19, 71, NULL, NULL),
(41, 42, 49, NULL, NULL),
(42, 17, 49, NULL, NULL),
(43, 31, 15, NULL, NULL),
(44, 98, 56, NULL, NULL),
(45, 81, 21, NULL, NULL),
(46, 19, 97, NULL, NULL),
(47, 85, 1, NULL, NULL),
(48, 46, 82, NULL, NULL),
(49, 81, 79, NULL, NULL),
(50, 71, 18, NULL, NULL),
(51, 44, 4, NULL, NULL),
(52, 35, 22, NULL, NULL),
(53, 41, 87, NULL, NULL),
(54, 71, 10, NULL, NULL),
(55, 88, 58, NULL, NULL),
(56, 61, 22, NULL, NULL),
(57, 43, 31, NULL, NULL),
(58, 1, 85, NULL, NULL),
(59, 47, 44, NULL, NULL),
(60, 82, 60, NULL, NULL),
(61, 81, 99, NULL, NULL),
(62, 27, 54, NULL, NULL),
(63, 24, 70, NULL, NULL),
(64, 97, 55, NULL, NULL),
(65, 64, 59, NULL, NULL),
(66, 45, 59, NULL, NULL),
(67, 62, 61, NULL, NULL),
(68, 46, 80, NULL, NULL),
(69, 40, 28, NULL, NULL),
(70, 97, 13, NULL, NULL),
(71, 16, 41, NULL, NULL),
(72, 28, 49, NULL, NULL),
(73, 34, 10, NULL, NULL),
(74, 76, 22, NULL, NULL),
(75, 78, 12, NULL, NULL),
(76, 26, 31, NULL, NULL),
(77, 91, 31, NULL, NULL),
(78, 73, 28, NULL, NULL),
(79, 68, 38, NULL, NULL),
(80, 62, 1, NULL, NULL),
(81, 83, 89, NULL, NULL),
(82, 40, 39, NULL, NULL),
(83, 74, 6, NULL, NULL),
(84, 96, 78, NULL, NULL),
(85, 63, 79, NULL, NULL),
(86, 82, 1, NULL, NULL),
(87, 95, 44, NULL, NULL),
(88, 72, 21, NULL, NULL),
(89, 81, 29, NULL, NULL),
(90, 78, 97, NULL, NULL),
(91, 31, 17, NULL, NULL),
(92, 90, 88, NULL, NULL),
(93, 72, 23, NULL, NULL),
(94, 37, 45, NULL, NULL),
(95, 18, 30, NULL, NULL),
(96, 74, 37, NULL, NULL),
(97, 17, 38, NULL, NULL),
(98, 82, 57, NULL, NULL),
(99, 40, 70, NULL, NULL),
(100, 87, 48, NULL, NULL),
(101, 60, 98, NULL, NULL),
(102, 58, 37, NULL, NULL),
(103, 48, 71, NULL, NULL),
(104, 4, 85, NULL, NULL),
(105, 12, 75, NULL, NULL),
(106, 97, 20, NULL, NULL);

INSERT INTO `jobs_rec_qualifications` (`id`, `job_id`, `affiliate_id`, `created_at`, `updated_at`) VALUES
(1, 1, 1, NULL, NULL),
(2, 2, 2, NULL, NULL),
(3, 3, 3, NULL, NULL),
(4, 4, 4, NULL, NULL),
(5, 5, 5, NULL, NULL),
(6, 16, 2, NULL, NULL),
(7, 7, 4, NULL, NULL),
(8, 91, 12, NULL, NULL),
(9, 25, 9, NULL, NULL),
(10, 63, 5, NULL, NULL),
(11, 6, 5, NULL, NULL),
(12, 43, 7, NULL, NULL),
(13, 6, 5, NULL, NULL),
(14, 6, 4, NULL, NULL),
(15, 91, 7, NULL, NULL),
(16, 62, 12, NULL, NULL),
(17, 24, 3, NULL, NULL),
(18, 93, 2, NULL, NULL),
(19, 31, 11, NULL, NULL),
(20, 84, 10, NULL, NULL),
(21, 78, 6, NULL, NULL),
(22, 99, 1, NULL, NULL),
(23, 58, 9, NULL, NULL),
(24, 91, 6, NULL, NULL),
(25, 47, 1, NULL, NULL),
(26, 13, 3, NULL, NULL),
(27, 74, 11, NULL, NULL),
(28, 91, 6, NULL, NULL),
(29, 40, 9, NULL, NULL),
(30, 19, 6, NULL, NULL),
(31, 44, 11, NULL, NULL),
(32, 35, 1, NULL, NULL),
(33, 75, 6, NULL, NULL),
(34, 47, 3, NULL, NULL),
(35, 66, 2, NULL, NULL),
(36, 44, 8, NULL, NULL),
(37, 24, 3, NULL, NULL),
(38, 50, 2, NULL, NULL),
(39, 85, 6, NULL, NULL),
(40, 18, 10, NULL, NULL),
(41, 51, 9, NULL, NULL),
(42, 74, 10, NULL, NULL),
(43, 78, 12, NULL, NULL),
(44, 11, 8, NULL, NULL),
(45, 73, 12, NULL, NULL),
(46, 57, 2, NULL, NULL),
(47, 33, 2, NULL, NULL),
(48, 62, 10, NULL, NULL),
(49, 42, 11, NULL, NULL),
(50, 55, 10, NULL, NULL),
(51, 11, 11, NULL, NULL),
(52, 74, 7, NULL, NULL),
(53, 86, 11, NULL, NULL),
(54, 80, 7, NULL, NULL),
(55, 75, 10, NULL, NULL),
(56, 18, 6, NULL, NULL),
(57, 4, 11, NULL, NULL),
(58, 89, 1, NULL, NULL),
(59, 34, 7, NULL, NULL),
(60, 14, 6, NULL, NULL),
(61, 100, 5, NULL, NULL),
(62, 55, 8, NULL, NULL),
(63, 93, 7, NULL, NULL),
(64, 82, 11, NULL, NULL),
(65, 67, 1, NULL, NULL),
(66, 1, 10, NULL, NULL),
(67, 74, 6, NULL, NULL),
(68, 89, 9, NULL, NULL),
(69, 12, 1, NULL, NULL),
(70, 4, 4, NULL, NULL),
(71, 39, 5, NULL, NULL),
(72, 74, 8, NULL, NULL),
(73, 77, 9, NULL, NULL),
(74, 38, 7, NULL, NULL),
(75, 86, 2, NULL, NULL),
(76, 40, 8, NULL, NULL),
(77, 63, 3, NULL, NULL),
(78, 2, 3, NULL, NULL),
(79, 91, 3, NULL, NULL),
(80, 79, 12, NULL, NULL),
(81, 74, 2, NULL, NULL),
(82, 71, 1, NULL, NULL),
(83, 21, 7, NULL, NULL),
(84, 41, 5, NULL, NULL),
(85, 26, 7, NULL, NULL),
(86, 15, 9, NULL, NULL),
(87, 81, 11, NULL, NULL),
(88, 52, 5, NULL, NULL),
(89, 58, 10, NULL, NULL),
(90, 34, 5, NULL, NULL),
(91, 66, 2, NULL, NULL),
(92, 8, 10, NULL, NULL),
(93, 39, 6, NULL, NULL),
(94, 11, 2, NULL, NULL),
(95, 72, 8, NULL, NULL),
(96, 97, 3, NULL, NULL),
(97, 53, 6, NULL, NULL),
(98, 1, 2, NULL, NULL),
(99, 64, 1, NULL, NULL),
(100, 36, 11, NULL, NULL),
(101, 79, 5, NULL, NULL),
(102, 43, 7, NULL, NULL),
(103, 37, 7, NULL, NULL),
(104, 99, 6, NULL, NULL),
(105, 12, 5, NULL, NULL),
(106, 64, 3, NULL, NULL);

INSERT INTO `jobs_req_qualifications` (`id`, `job_id`, `affiliate_id`, `created_at`, `updated_at`) VALUES
(1, 1, 1, NULL, NULL),
(2, 2, 2, NULL, NULL),
(3, 3, 3, NULL, NULL),
(4, 4, 4, NULL, NULL),
(5, 5, 5, NULL, NULL),
(6, 35, 9, NULL, NULL),
(7, 51, 7, NULL, NULL),
(8, 90, 11, NULL, NULL),
(9, 8, 1, NULL, NULL),
(10, 61, 11, NULL, NULL),
(11, 60, 4, NULL, NULL),
(12, 47, 10, NULL, NULL),
(13, 5, 4, NULL, NULL),
(14, 7, 11, NULL, NULL),
(15, 13, 2, NULL, NULL),
(16, 92, 8, NULL, NULL),
(17, 59, 10, NULL, NULL),
(18, 1, 6, NULL, NULL),
(19, 28, 1, NULL, NULL),
(20, 74, 11, NULL, NULL),
(21, 97, 4, NULL, NULL),
(22, 80, 4, NULL, NULL),
(23, 64, 2, NULL, NULL),
(24, 2, 11, NULL, NULL),
(25, 99, 2, NULL, NULL),
(26, 37, 12, NULL, NULL),
(27, 97, 8, NULL, NULL),
(28, 93, 1, NULL, NULL),
(29, 41, 2, NULL, NULL),
(30, 83, 7, NULL, NULL),
(31, 10, 10, NULL, NULL),
(32, 25, 8, NULL, NULL),
(33, 43, 12, NULL, NULL),
(34, 59, 3, NULL, NULL),
(35, 4, 6, NULL, NULL),
(36, 46, 2, NULL, NULL),
(37, 98, 2, NULL, NULL),
(38, 14, 9, NULL, NULL),
(39, 68, 9, NULL, NULL),
(40, 93, 3, NULL, NULL),
(41, 4, 1, NULL, NULL),
(42, 48, 5, NULL, NULL),
(43, 23, 5, NULL, NULL),
(44, 29, 8, NULL, NULL),
(45, 10, 12, NULL, NULL),
(46, 95, 2, NULL, NULL),
(47, 18, 5, NULL, NULL),
(48, 78, 3, NULL, NULL),
(49, 23, 6, NULL, NULL),
(50, 30, 7, NULL, NULL),
(51, 77, 6, NULL, NULL),
(52, 74, 5, NULL, NULL),
(53, 21, 10, NULL, NULL),
(54, 98, 8, NULL, NULL),
(55, 62, 7, NULL, NULL),
(56, 5, 1, NULL, NULL),
(57, 2, 10, NULL, NULL),
(58, 78, 10, NULL, NULL),
(59, 87, 12, NULL, NULL),
(60, 42, 11, NULL, NULL),
(61, 25, 12, NULL, NULL),
(62, 15, 5, NULL, NULL),
(63, 90, 12, NULL, NULL),
(64, 28, 5, NULL, NULL),
(65, 27, 9, NULL, NULL),
(66, 28, 9, NULL, NULL),
(67, 94, 5, NULL, NULL),
(68, 26, 6, NULL, NULL),
(69, 58, 4, NULL, NULL),
(70, 23, 6, NULL, NULL),
(71, 97, 12, NULL, NULL),
(72, 91, 7, NULL, NULL),
(73, 62, 10, NULL, NULL),
(74, 41, 10, NULL, NULL),
(75, 97, 1, NULL, NULL),
(76, 10, 12, NULL, NULL),
(77, 49, 7, NULL, NULL),
(78, 25, 4, NULL, NULL),
(79, 29, 12, NULL, NULL),
(80, 29, 2, NULL, NULL),
(81, 61, 7, NULL, NULL),
(82, 18, 4, NULL, NULL),
(83, 15, 3, NULL, NULL),
(84, 32, 2, NULL, NULL),
(85, 60, 10, NULL, NULL),
(86, 22, 6, NULL, NULL),
(87, 84, 7, NULL, NULL),
(88, 68, 5, NULL, NULL),
(89, 12, 9, NULL, NULL),
(90, 63, 10, NULL, NULL),
(91, 79, 3, NULL, NULL),
(92, 26, 9, NULL, NULL),
(93, 90, 12, NULL, NULL),
(94, 80, 11, NULL, NULL),
(95, 34, 6, NULL, NULL),
(96, 83, 6, NULL, NULL),
(97, 61, 9, NULL, NULL),
(98, 96, 6, NULL, NULL),
(99, 79, 11, NULL, NULL),
(100, 93, 9, NULL, NULL),
(101, 38, 2, NULL, NULL),
(102, 38, 12, NULL, NULL),
(103, 8, 10, NULL, NULL),
(104, 14, 2, NULL, NULL),
(105, 23, 2, NULL, NULL),
(106, 86, 2, NULL, NULL);

INSERT INTO `jobs_tools` (`id`, `job_id`, `affiliate_id`, `created_at`, `updated_at`) VALUES
(1, 1, 1, NULL, NULL),
(2, 2, 2, NULL, NULL),
(3, 3, 3, NULL, NULL),
(4, 4, 4, NULL, NULL),
(5, 5, 5, NULL, NULL),
(6, 59, 4, NULL, NULL),
(7, 44, 11, NULL, NULL),
(8, 42, 11, NULL, NULL),
(9, 15, 5, NULL, NULL),
(10, 32, 1, NULL, NULL),
(11, 9, 2, NULL, NULL),
(12, 67, 7, NULL, NULL),
(13, 89, 2, NULL, NULL),
(14, 29, 2, NULL, NULL),
(15, 29, 3, NULL, NULL),
(16, 65, 9, NULL, NULL),
(17, 42, 9, NULL, NULL),
(18, 100, 7, NULL, NULL),
(19, 84, 11, NULL, NULL),
(20, 69, 3, NULL, NULL),
(21, 91, 2, NULL, NULL),
(22, 27, 4, NULL, NULL),
(23, 5, 6, NULL, NULL),
(24, 62, 4, NULL, NULL),
(25, 88, 2, NULL, NULL),
(26, 76, 6, NULL, NULL),
(27, 76, 7, NULL, NULL),
(28, 77, 10, NULL, NULL),
(29, 67, 7, NULL, NULL),
(30, 49, 3, NULL, NULL),
(31, 7, 7, NULL, NULL),
(32, 52, 8, NULL, NULL),
(33, 72, 10, NULL, NULL),
(34, 6, 3, NULL, NULL),
(35, 73, 6, NULL, NULL),
(36, 66, 2, NULL, NULL),
(37, 36, 2, NULL, NULL),
(38, 65, 7, NULL, NULL),
(39, 85, 4, NULL, NULL),
(40, 1, 5, NULL, NULL),
(41, 75, 10, NULL, NULL),
(42, 93, 12, NULL, NULL),
(43, 71, 11, NULL, NULL),
(44, 84, 9, NULL, NULL),
(45, 14, 7, NULL, NULL),
(46, 76, 10, NULL, NULL),
(47, 46, 6, NULL, NULL),
(48, 26, 12, NULL, NULL),
(49, 99, 1, NULL, NULL),
(50, 16, 8, NULL, NULL),
(51, 36, 5, NULL, NULL),
(52, 87, 2, NULL, NULL),
(53, 89, 11, NULL, NULL),
(54, 42, 10, NULL, NULL),
(55, 23, 4, NULL, NULL),
(56, 5, 6, NULL, NULL),
(57, 25, 10, NULL, NULL),
(58, 5, 9, NULL, NULL),
(59, 96, 8, NULL, NULL),
(60, 32, 1, NULL, NULL),
(61, 11, 11, NULL, NULL),
(62, 46, 11, NULL, NULL),
(63, 3, 1, NULL, NULL),
(64, 32, 4, NULL, NULL),
(65, 38, 4, NULL, NULL),
(66, 50, 4, NULL, NULL),
(67, 43, 12, NULL, NULL),
(68, 55, 11, NULL, NULL),
(69, 49, 8, NULL, NULL),
(70, 37, 12, NULL, NULL),
(71, 68, 5, NULL, NULL),
(72, 51, 9, NULL, NULL),
(73, 48, 6, NULL, NULL),
(74, 38, 6, NULL, NULL),
(75, 1, 8, NULL, NULL),
(76, 19, 10, NULL, NULL),
(77, 7, 7, NULL, NULL),
(78, 10, 3, NULL, NULL),
(79, 66, 5, NULL, NULL),
(80, 33, 12, NULL, NULL),
(81, 89, 2, NULL, NULL),
(82, 40, 2, NULL, NULL),
(83, 81, 1, NULL, NULL),
(84, 66, 3, NULL, NULL),
(85, 59, 12, NULL, NULL),
(86, 40, 3, NULL, NULL),
(87, 63, 4, NULL, NULL),
(88, 31, 4, NULL, NULL),
(89, 2, 7, NULL, NULL),
(90, 62, 1, NULL, NULL),
(91, 52, 9, NULL, NULL),
(92, 54, 1, NULL, NULL),
(93, 7, 2, NULL, NULL),
(94, 4, 7, NULL, NULL),
(95, 88, 12, NULL, NULL),
(96, 66, 4, NULL, NULL),
(97, 39, 10, NULL, NULL),
(98, 3, 8, NULL, NULL),
(99, 76, 10, NULL, NULL),
(100, 27, 2, NULL, NULL),
(101, 33, 11, NULL, NULL),
(102, 3, 11, NULL, NULL),
(103, 95, 1, NULL, NULL),
(104, 99, 8, NULL, NULL),
(105, 73, 4, NULL, NULL),
(106, 70, 5, NULL, NULL);

INSERT INTO `migrations` (`id`, `migration`, `batch`) VALUES
(1, '2014_10_12_000000_create_users_table', 1),
(2, '2014_10_12_100000_create_password_resets_table', 1),
(3, '2019_08_19_000000_create_failed_jobs_table', 1),
(4, '2019_12_14_000001_create_personal_access_tokens_table', 1),
(5, '2022_10_29_083306_create_jobs_table', 1),
(6, '2022_10_29_083322_create_job_categories_table', 1),
(7, '2022_10_29_083332_create_job_types_table', 1),
(8, '2022_10_29_083357_create_jobs_personalities_table', 1),
(9, '2022_10_29_083413_create_jobs_practical_skills_table', 1),
(10, '2022_10_29_083437_create_practical_skills_table', 1),
(11, '2022_10_29_083457_create_jobs_basic_abilities_table', 1),
(12, '2022_10_29_083517_create_basic_abilities_table', 1),
(13, '2022_10_29_083549_create_jobs_tools_table', 1),
(14, '2022_10_29_083601_create_affiliates_table', 1),
(15, '2022_10_29_083621_create_jobs_career_paths_table', 1),
(16, '2022_10_29_083719_create_jobs_rec_qualifications_table', 1),
(17, '2022_10_29_083754_create_jobs_req_qualifications_table', 1),
(18, '2022_10_29_092120_create_personalities_table', 1),
(19, '2022_10_29_095343_add_foreign_keys_table', 1);

INSERT INTO `personalities` (`id`, `name`, `deleted`, `created_at`, `updated_at`) VALUES
(1, 'キャビンアテンダント', NULL, NULL, NULL),
(2, 'キャビンアテンダント', NULL, NULL, NULL),
(3, 'キャビンアテンダント', NULL, NULL, NULL),
(4, 'キャビンアテンダント', NULL, NULL, NULL),
(5, 'キャビンアテンダント', NULL, NULL, NULL),
(6, 'キャビンアテンダント', NULL, NULL, NULL),
(7, 'キャビンアテンダント', NULL, NULL, NULL),
(8, 'キャビンアテンダント', NULL, NULL, NULL),
(9, 'キャビンアテンダント', NULL, NULL, NULL),
(10, 'キャビンアテンダント', NULL, NULL, NULL),
(11, 'キャビンアテンダント', NULL, NULL, NULL),
(12, 'キャビンアテンダント', NULL, NULL, NULL),
(13, 'キャビンアテンダント', NULL, NULL, NULL),
(14, 'キャビンアテンダント', NULL, NULL, NULL),
(15, 'キャビンアテンダント', NULL, NULL, NULL),
(16, 'キャビンアテンダント', NULL, NULL, NULL),
(17, 'キャビンアテンダント', NULL, NULL, NULL),
(18, 'キャビンアテンダント', NULL, NULL, NULL),
(19, 'キャビンアテンダント', NULL, NULL, NULL),
(20, 'キャビンアテンダント', NULL, NULL, NULL),
(21, 'キャビンアテンダント', NULL, NULL, NULL),
(22, 'キャビンアテンダント', NULL, NULL, NULL),
(23, 'キャビンアテンダント', NULL, NULL, NULL),
(24, 'キャビンアテンダント', NULL, NULL, NULL),
(25, 'キャビンアテンダント', NULL, NULL, NULL),
(26, 'キャビンアテンダント', NULL, NULL, NULL),
(27, 'キャビンアテンダント', NULL, NULL, NULL),
(28, 'キャビンアテンダント', NULL, NULL, NULL),
(29, 'キャビンアテンダント', NULL, NULL, NULL),
(30, 'キャビンアテンダント', NULL, NULL, NULL),
(31, 'キャビンアテンダント', NULL, NULL, NULL),
(32, 'キャビンアテンダント', NULL, NULL, NULL),
(33, 'キャビンアテンダント', NULL, NULL, NULL),
(34, 'キャビンアテンダント', NULL, NULL, NULL),
(35, 'キャビンアテンダント', NULL, NULL, NULL),
(36, 'キャビンアテンダント', NULL, NULL, NULL),
(37, 'キャビンアテンダント', NULL, NULL, NULL),
(38, 'キャビンアテンダント', NULL, NULL, NULL),
(39, 'キャビンアテンダント', NULL, NULL, NULL),
(40, 'キャビンアテンダント', NULL, NULL, NULL),
(41, 'キャビンアテンダント', NULL, NULL, NULL),
(42, 'キャビンアテンダント', NULL, NULL, NULL),
(43, 'キャビンアテンダント', NULL, NULL, NULL),
(44, 'キャビンアテンダント', NULL, NULL, NULL),
(45, 'キャビンアテンダント', NULL, NULL, NULL),
(46, 'キャビンアテンダント', NULL, NULL, NULL),
(47, 'キャビンアテンダント', NULL, NULL, NULL),
(48, 'キャビンアテンダント', NULL, NULL, NULL),
(49, 'キャビンアテンダント', NULL, NULL, NULL),
(50, 'キャビンアテンダント', NULL, NULL, NULL),
(51, 'キャビンアテンダント', NULL, NULL, NULL),
(52, 'キャビンアテンダント', NULL, NULL, NULL),
(53, 'キャビンアテンダント', NULL, NULL, NULL),
(54, 'キャビンアテンダント', NULL, NULL, NULL),
(55, 'キャビンアテンダント', NULL, NULL, NULL),
(56, 'キャビンアテンダント', NULL, NULL, NULL),
(57, 'キャビンアテンダント', NULL, NULL, NULL),
(58, 'キャビンアテンダント', NULL, NULL, NULL),
(59, 'キャビンアテンダント', NULL, NULL, NULL),
(60, 'キャビンアテンダント', NULL, NULL, NULL),
(61, 'キャビンアテンダント', NULL, NULL, NULL),
(62, 'キャビンアテンダント', NULL, NULL, NULL),
(63, 'キャビンアテンダント', NULL, NULL, NULL),
(64, 'キャビンアテンダント', NULL, NULL, NULL),
(65, 'キャビンアテンダント', NULL, NULL, NULL),
(66, 'キャビンアテンダント', NULL, NULL, NULL),
(67, 'キャビンアテンダント', NULL, NULL, NULL),
(68, 'キャビンアテンダント', NULL, NULL, NULL),
(69, 'キャビンアテンダント', NULL, NULL, NULL),
(70, 'キャビンアテンダント', NULL, NULL, NULL),
(71, 'キャビンアテンダント', NULL, NULL, NULL),
(72, 'キャビンアテンダント', NULL, NULL, NULL),
(73, 'キャビンアテンダント', NULL, NULL, NULL),
(74, 'キャビンアテンダント', NULL, NULL, NULL),
(75, 'キャビンアテンダント', NULL, NULL, NULL),
(76, 'キャビンアテンダント', NULL, NULL, NULL),
(77, 'キャビンアテンダント', NULL, NULL, NULL),
(78, 'キャビンアテンダント', NULL, NULL, NULL),
(79, 'キャビンアテンダント', NULL, NULL, NULL),
(80, 'キャビンアテンダント', NULL, NULL, NULL),
(81, 'キャビンアテンダント', NULL, NULL, NULL),
(82, 'キャビンアテンダント', NULL, NULL, NULL),
(83, 'キャビンアテンダント', NULL, NULL, NULL),
(84, 'キャビンアテンダント', NULL, NULL, NULL),
(85, 'キャビンアテンダント', NULL, NULL, NULL),
(86, 'キャビンアテンダント', NULL, NULL, NULL),
(87, 'キャビンアテンダント', NULL, NULL, NULL),
(88, 'キャビンアテンダント', NULL, NULL, NULL),
(89, 'キャビンアテンダント', NULL, NULL, NULL),
(90, 'キャビンアテンダント', NULL, NULL, NULL),
(91, 'キャビンアテンダント', NULL, NULL, NULL),
(92, 'キャビンアテンダント', NULL, NULL, NULL),
(93, 'キャビンアテンダント', NULL, NULL, NULL),
(94, 'キャビンアテンダント', NULL, NULL, NULL),
(95, 'キャビンアテンダント', NULL, NULL, NULL),
(96, 'キャビンアテンダント', NULL, NULL, NULL),
(97, 'キャビンアテンダント', NULL, NULL, NULL),
(98, 'キャビンアテンダント', NULL, NULL, NULL),
(99, 'キャビンアテンダント', NULL, NULL, NULL),
(100, 'キャビンアテンダント', NULL, NULL, NULL),
(101, 'キャビンアテンダント', NULL, NULL, NULL),
(102, 'キャビンアテンダント', NULL, NULL, NULL),
(103, 'キャビンアテンダント', NULL, NULL, NULL),
(104, 'キャビンアテンダント', NULL, NULL, NULL),
(105, 'キャビンアテンダント', NULL, NULL, NULL),
(106, 'キャビンアテンダント', NULL, NULL, NULL);

INSERT INTO `practical_skills` (`id`, `name`, `deleted`, `created_at`, `updated_at`) VALUES
(1, 'キャビンアテンダント', NULL, NULL, NULL),
(2, 'キャビンアテンダント', NULL, NULL, NULL),
(3, 'キャビンアテンダント', NULL, NULL, NULL),
(4, 'キャビンアテンダント', NULL, NULL, NULL),
(5, 'キャビンアテンダント', NULL, NULL, NULL),
(6, 'キャビンアテンダント', NULL, NULL, NULL),
(7, 'キャビンアテンダント', NULL, NULL, NULL),
(8, 'キャビンアテンダント', NULL, NULL, NULL),
(9, 'キャビンアテンダント', NULL, NULL, NULL),
(10, 'キャビンアテンダント', NULL, NULL, NULL),
(11, 'キャビンアテンダント', NULL, NULL, NULL),
(12, 'キャビンアテンダント', NULL, NULL, NULL),
(13, 'キャビンアテンダント', NULL, NULL, NULL),
(14, 'キャビンアテンダント', NULL, NULL, NULL),
(15, 'キャビンアテンダント', NULL, NULL, NULL),
(16, 'キャビンアテンダント', NULL, NULL, NULL),
(17, 'キャビンアテンダント', NULL, NULL, NULL),
(18, 'キャビンアテンダント', NULL, NULL, NULL),
(19, 'キャビンアテンダント', NULL, NULL, NULL),
(20, 'キャビンアテンダント', NULL, NULL, NULL),
(21, 'キャビンアテンダント', NULL, NULL, NULL),
(22, 'キャビンアテンダント', NULL, NULL, NULL),
(23, 'キャビンアテンダント', NULL, NULL, NULL),
(24, 'キャビンアテンダント', NULL, NULL, NULL),
(25, 'キャビンアテンダント', NULL, NULL, NULL),
(26, 'キャビンアテンダント', NULL, NULL, NULL),
(27, 'キャビンアテンダント', NULL, NULL, NULL),
(28, 'キャビンアテンダント', NULL, NULL, NULL),
(29, 'キャビンアテンダント', NULL, NULL, NULL),
(30, 'キャビンアテンダント', NULL, NULL, NULL),
(31, 'キャビンアテンダント', NULL, NULL, NULL),
(32, 'キャビンアテンダント', NULL, NULL, NULL),
(33, 'キャビンアテンダント', NULL, NULL, NULL),
(34, 'キャビンアテンダント', NULL, NULL, NULL),
(35, 'キャビンアテンダント', NULL, NULL, NULL),
(36, 'キャビンアテンダント', NULL, NULL, NULL),
(37, 'キャビンアテンダント', NULL, NULL, NULL),
(38, 'キャビンアテンダント', NULL, NULL, NULL),
(39, 'キャビンアテンダント', NULL, NULL, NULL),
(40, 'キャビンアテンダント', NULL, NULL, NULL),
(41, 'キャビンアテンダント', NULL, NULL, NULL),
(42, 'キャビンアテンダント', NULL, NULL, NULL),
(43, 'キャビンアテンダント', NULL, NULL, NULL),
(44, 'キャビンアテンダント', NULL, NULL, NULL),
(45, 'キャビンアテンダント', NULL, NULL, NULL),
(46, 'キャビンアテンダント', NULL, NULL, NULL),
(47, 'キャビンアテンダント', NULL, NULL, NULL),
(48, 'キャビンアテンダント', NULL, NULL, NULL),
(49, 'キャビンアテンダント', NULL, NULL, NULL),
(50, 'キャビンアテンダント', NULL, NULL, NULL),
(51, 'キャビンアテンダント', NULL, NULL, NULL),
(52, 'キャビンアテンダント', NULL, NULL, NULL),
(53, 'キャビンアテンダント', NULL, NULL, NULL),
(54, 'キャビンアテンダント', NULL, NULL, NULL),
(55, 'キャビンアテンダント', NULL, NULL, NULL),
(56, 'キャビンアテンダント', NULL, NULL, NULL),
(57, 'キャビンアテンダント', NULL, NULL, NULL),
(58, 'キャビンアテンダント', NULL, NULL, NULL),
(59, 'キャビンアテンダント', NULL, NULL, NULL),
(60, 'キャビンアテンダント', NULL, NULL, NULL),
(61, 'キャビンアテンダント', NULL, NULL, NULL),
(62, 'キャビンアテンダント', NULL, NULL, NULL),
(63, 'キャビンアテンダント', NULL, NULL, NULL),
(64, 'キャビンアテンダント', NULL, NULL, NULL),
(65, 'キャビンアテンダント', NULL, NULL, NULL),
(66, 'キャビンアテンダント', NULL, NULL, NULL),
(67, 'キャビンアテンダント', NULL, NULL, NULL),
(68, 'キャビンアテンダント', NULL, NULL, NULL),
(69, 'キャビンアテンダント', NULL, NULL, NULL),
(70, 'キャビンアテンダント', NULL, NULL, NULL),
(71, 'キャビンアテンダント', NULL, NULL, NULL),
(72, 'キャビンアテンダント', NULL, NULL, NULL),
(73, 'キャビンアテンダント', NULL, NULL, NULL),
(74, 'キャビンアテンダント', NULL, NULL, NULL),
(75, 'キャビンアテンダント', NULL, NULL, NULL),
(76, 'キャビンアテンダント', NULL, NULL, NULL),
(77, 'キャビンアテンダント', NULL, NULL, NULL),
(78, 'キャビンアテンダント', NULL, NULL, NULL),
(79, 'キャビンアテンダント', NULL, NULL, NULL),
(80, 'キャビンアテンダント', NULL, NULL, NULL),
(81, 'キャビンアテンダント', NULL, NULL, NULL),
(82, 'キャビンアテンダント', NULL, NULL, NULL),
(83, 'キャビンアテンダント', NULL, NULL, NULL),
(84, 'キャビンアテンダント', NULL, NULL, NULL),
(85, 'キャビンアテンダント', NULL, NULL, NULL),
(86, 'キャビンアテンダント', NULL, NULL, NULL),
(87, 'キャビンアテンダント', NULL, NULL, NULL),
(88, 'キャビンアテンダント', NULL, NULL, NULL),
(89, 'キャビンアテンダント', NULL, NULL, NULL),
(90, 'キャビンアテンダント', NULL, NULL, NULL),
(91, 'キャビンアテンダント', NULL, NULL, NULL),
(92, 'キャビンアテンダント', NULL, NULL, NULL),
(93, 'キャビンアテンダント', NULL, NULL, NULL),
(94, 'キャビンアテンダント', NULL, NULL, NULL),
(95, 'キャビンアテンダント', NULL, NULL, NULL),
(96, 'キャビンアテンダント', NULL, NULL, NULL),
(97, 'キャビンアテンダント', NULL, NULL, NULL),
(98, 'キャビンアテンダント', NULL, NULL, NULL),
(99, 'キャビンアテンダント', NULL, NULL, NULL),
(100, 'キャビンアテンダント', NULL, NULL, NULL),
(101, 'キャビンアテンダント', NULL, NULL, NULL),
(102, 'キャビンアテンダント', NULL, NULL, NULL),
(103, 'キャビンアテンダント', NULL, NULL, NULL),
(104, 'キャビンアテンダント', NULL, NULL, NULL),
(105, 'キャビンアテンダント', NULL, NULL, NULL),
(106, 'キャビンアテンダント', NULL, NULL, NULL);



/*!40101 SET SQL_MODE=@OLD_SQL_MODE */;
/*!40014 SET FOREIGN_KEY_CHECKS=@OLD_FOREIGN_KEY_CHECKS */;
/*!40014 SET UNIQUE_CHECKS=@OLD_UNIQUE_CHECKS */;
/*!40101 SET CHARACTER_SET_CLIENT=@OLD_CHARACTER_SET_CLIENT */;
/*!40101 SET CHARACTER_SET_RESULTS=@OLD_CHARACTER_SET_RESULTS */;
/*!40101 SET COLLATION_CONNECTION=@OLD_COLLATION_CONNECTION */;
/*!40111 SET SQL_NOTES=@OLD_SQL_NOTES */;